도서관명,시도명,시군구명,도서관유형,소재지도로명주소,운영기관명,위도,경도
중앙도서관,충청남도,천안시,공공도서관,충청남도 천안시 동남구 중앙로 118,충청남도 천안시청,36.8089661,127.1533111
쌍용도서관,충청남도,천안시,공공도서관,충청남도 천안시 서북구 월봉4로 153,충청남도 천안시청,36.8003721,127.1146491
성거도서관,충청남도,천안시,공공도서관,충청남도 천안시 서북구 성거읍 천흥3길 3,충청남도 천안시청,36.8715171,127.2007341
아우내도서관,충청남도,천안시,공공도서관,충청남도 천안시 동남구 병천면 병천2로 57,충청남도 천안시청,36.7668541,127.3032271
도솔도서관,충청남도,천안시,공공도서관,충청남도 천안시 서북구 번영로 156,충청남도 천안시청,36.8150721,127.1136291
두정도서관,충청남도,천안시,공공도서관,충청남도 천안시 서북구 부성3길 9,충청남도 천안시청,36.8344961,127.1346781
신방도서관,충청남도,천안시,공공도서관,충청남도 천안시 동남구 통정4로 7,충청남도 천안시청,36.7744291,127.1307781
청수도서관,충청남도,천안시,공공도서관,충청남도 천안시 동남구 청수 16로 5-10,충청남도 천안시청,36.7891567,127.1558762
원성2동작은도서관,충청남도,천안시,작은도서관,충청남도 천안시 동남구 원거리8길 43,충청남도 천안시청,36.8001171,127.1581461
중앙동작은도서관,충청남도,천안시,작은도서관,충청남도 천안시 동남구 영성로 69-1,충청남도 천안시청,36.8044961,127.1496381
일봉동작은도서관,충청남도,천안시,작은도서관,충청남도 천안시 동남구 차돌고개4길 18,충청남도 천안시청,36.7990811,127.1353251
성남면작은도서관,충청남도,천안시,작은도서관,충청남도 천안시 동남구 성남면 신사대화로 149,충청남도 천안시청,36.7424651,127.2366611
풍세면작은도서관,충청남도,천안시,작은도서관,충청남도 천안시 동남구 풍세면 상정1길 3,충청남도 천안시청,36.7222491,127.1185651
문성동작은도서관,충청남도,천안시,작은도서관,충청남도 천안시 동남구 복자1길 24,충청남도 천안시청,36.8141511,127.1521491
입장면작은도서관,충청남도,천안시,작은도서관,충청남도 천안시 서북구 입장면 하장4길 37,충청남도 천안시청,36.9133491,127.2182211
직산읍작은도서관,충청남도,천안시,작은도서관,충청남도 천안시 서북구 직산읍 삼은4길 2,충청남도 천안시청,36.6984861,127.1100591
성환읍작은도서관,충청남도,천안시,작은도서관,충청남도 천안시 서북구 성환읍 성환13길 7,충청남도 천안시청,36.8786121,127.1505661
광덕작은도서관,충청남도,천안시,작은도서관,충청남도 천안시 동남구 광덕면 신흥리3길 76,충청남도 천안시청,36.8188471,127.1615591
신안동작은도서관,충청남도,천안시,작은도서관,충청남도 천안시 동남구 신부13길 9-1,충청남도 천안시청,36.8215531,127.1468091
천안축구센터작은도서관,충청남도,천안시,작은도서관,충청남도 천안시 서북구 축구센터로 150,충청남도 천안시청,36.821873,127.146782
성정1동작은도서관,충청남도,천안시,작은도서관,충청남도 천안시 서북구 선영8길 7,충청남도 천안시청,36.7877871,127.2356711
목천느티나무작은도서관,충청남도,천안시,작은도서관,충청남도 천안시 동남구 목천읍 서리2길 31,충청남도 천안시청,36.9180421,127.1342511
북면바로내작은도서관,충청남도,천안시,작은도서관,충청남도 천안시 동남구 북면 위례성로 661-16,충청남도 천안시청,36.8227841,127.2722181
