순번,민원제목,민원내용,민원등록일,민원수정일,민원답변일,처리부서,진행상태,민원인주소_법정동
1,익산-금마간 도로,"익산-금마간 도로 차선상태가 불량하여 운행에 불편이 많이 발생됩니다.  도로가 노후 되어 차선이 희미해짐에 따라그로인해 사고의 우려도 심려 됩니다. 구간별로 전에 사용했던 차선과 현재사용하는 차선이 복선으로 인식되어 운전자게 혼란을 주는 경우도 있습니다.  야간 우천시 차선 도료가 반사되어 운전자에게 도움을 주어야 하나 제 역할을 하지 못해 운행에 어려움이 사료되 바 보수, 개선을 바랍니다.구간:  구 금마건문소 사거리-부송동 구간, 길자동차 왕복4차선 구간 ",2016-08-31,2016-08-31,2016-09-05,도시재생과,처리완료,화곡로
2,익산시 전기차 충전소,"환경친화적 자동차의 개발 및 보급 촉진에 관한 법률 시행령[대통령령 제 29173호]  2018.30공포,9.21시행전기차 충전소 일반 내연차량 주자치 과태료 부과에 관한 법률인데요 9월 21일 부터 시행이라 되있는데 저희 익산시는 언제부터 시행하나요?모현동 이편한세상에 급속2대 완속1대가 설치되어 있는데. 전기차를 구매 한지 1달이 다 되어 가지만 일반 내연차 들땜에 충전을 한번도 해본적이 없습니다. 물론 아직 전기차가 보급이 많이 없는 편으로 이해하고 외부 충전기를 이용중입니다.과태료 관련 공문이라도 공고가 된다면 충전기 이용이 수월 할거같아 문의드립니다. ",2018-09-21,2018-09-21,,,처리중,잠실6동
3,수도산공원  방역,수도산 공원내 날씨가 따뜻해지니 벌레들이 많아졌습니다 방역을 부탁드려요,2017-04-25,2017-04-25,2017-04-26,도로공원과,처리완료,잠실6동
4,서동콜은 현금만 받나봐요.....,"안녕하세요. 익산시에 거주중인 20대 여성입니다.오늘( 2월 13일, 월요일) 아침에 익산역에 가려고 이마트 앞에서 택시를 탔습니다. 그 후 익산역에 도착하여 현금이 없어 카드를 드렸더니 기사분께서 """"현금없어요? 현금 내세요.""""라고 하시기에 현금이 없어서 카드를 드린거다라고 말씀을 드럈더니 """"아침에 택시탈때는 현금을 앞으로는 가지고 타세요. 카드내면 우리는 수수료도 내야되고, 돈도 더 늦게 들어오는데...""""등의 말씀을 하시며 결제를 늦게 하셔서 미리 예매해둔 기차를 놓칠뻔했습니다.다른 지역에서 택시를 여러번 타봤지만 단한번도 이런일이 없었는데... 왜 매번 익산에서 서동콜택시를 탈때마다 현금을 안낸다고 혼이 나야할까요? 너무 불쾌하고, 월요일 아침부터 너무 기분이 좋지않네요....앞으로 이런일이 없도록 주의응 주샸으면 합니다.",2017-02-13,2017-02-13,2017-02-16,교통행정과,처리완료,잠실6동
5,가로등 미점등,: 전라북도 부안군 동진면 안성리 1031-2가로등 미점등-------------------------------------------------------------------------------------------------------------------------○ .,2018-03-20,,2018-03-22,동진면,처리완료,잠실6동
6,학교급식지원센터(우리영농조합법인)에 대한 통보,시장님! 국립농산물품질관리원전북지원이 학교급식지원센터(우리영농조합법인)와 관련된 내용을 통보해 왔습니다.,2016-07-20,2016-07-20,,어린이행복과,처리중,개포로
7,낙엽에 관하여 민원접수 합니다.,안녕하세요. 민원접수를 위하여 글을 쓰게 되었습니다.먼저 제가 다니고 있는 직장은 `익산시 오산면 장항길 22번지`에 있는 `기선전력`이란 회사입니다. 매년 겨울이 다가오는 이맘때가 되면 회사옆에 있는 백제고등학교 심어져 있는 침엽수 때문에 불편사항이 있어 접수하게 되었습니다. 다름이 아니라 침엽수가 겨울에 들어서면서 많은 양의 낙엽이 떨어지게 되어 매번 골란한 상황이 생기게 되어 회사내 주차장을 청소를 해도 자꾸 쌓여가는 낙엽 잎 때문에 불편함이 있어 접수하게 되었습니다. 겨울만 다가오면 길이 너무 지저분 해지게 되고 주차장 내에 있는 자동차에 낙엽 잎이 쌓이게 되어 불편이 많습니다.이부분 조치를 취해 주셨으면 좋겠습니다.따로 사진은 첨부하도록 하겠습니다. 빠른 조치 부탁드립니다.  감사합니다.,2017-11-11,2017-11-11,2017-11-14,시정에바란다,처리완료,광평로47길
8,정규직 전환건,도서관 정규직 전환 공고를 보고 납깁니다. 혹 저혼자만의 생각일까 싶어 전에 근무하던 사람들과 통화를 해보았는데 모두 한결 같은 의견이었습니다. 한 달을 남겨 둔 시점에서 시험으로만 뽑는다는 발상은 누구의 머리에서 나온 것인지요? 경험과 경력은 무시되고 오로지 머리순으로 줄을 세우겠다는 건가요? 젊은 사람들에게 유리할 뿐더러 이것은 제대로 된 방식도 아닙니다. 한 달 안에 문헌정보학과에서 학기에 걸쳐 배우는 과목을 한 달 안에 준비하라는 것은 공부도 아닙니다. 암기인가요? 그리고 그 시험문제가 유출이 되지 않으리라는 보장이 어디 있나요? 너무나 졸속입니다. 한 달 남겨 둔 시점에 시험으로 치룬다는 발상도 그것도 사서직 공무원이 보는 과목이 들어 있는 것도 이해가 가지 않습니다. 분명 문제가 있는 방식이라 항의드리며 그에 대한 답변도 듣고 싶습니다.,2018-04-12,2018-04-12,2018-04-17,총무과,처리완료,삼성로76길
9,배산 산책로 가로등," 배산 산책로에 설치된 가로등증 관리번호 174, 179, 180의 가로등이 새벽시간대에 다른 가로등은 작동되는데, 작동되지 않습니다.고장? 인것 같습니다.수리 해 주시길 바랍니다. ",2016-03-02,2016-03-02,2016-03-02,산림공원과,처리완료,삼성로76길
10,도로 포트홀 보수 요청,"군산시 회현면 고사리 산10-2도와 산23-4도 사이의 굽어진 도로에 몇 군데 포트홀이 있음. 작년에 관계 부서에서 임시 보수를 하였으나, 겨울을 나면서 다시 파손된 것임. 포트홀을 피하려다가 진행하는 차량 간의 위험상황이 자주 발생하고 있으므로 빠른 시일내 보수를 요함",2017-04-06,2017-04-06,,건설과,처리중,영동대로
11,팔봉동 부송동 냄새!!!!!!!ㅣㅣㅣ!!!,밤만되면 2공단에서 악취때문에 문을 열고 살수가 없어요맨날 개선 한다고 말만하고 달라지는건 하나도 없내요부송동 팔봉동 주변은 밤만되면 냄새때문에 스트레스 너무심해요 제발 숨좀 편히 쉬고 삽시다,2017-05-17,2017-05-17,2017-05-18,녹색환경과,처리완료,영동대로
12,[안전신고] (SPP-1604-1118130)도로 가운데 경계선이 부너졌습니다. 고쳐주세요~,전라북도 부안군 부안읍 봉덕리 866도로 가운데 경계선이 부너졌습니다. 고쳐주세요~,2016-04-25,,2016-05-03,건설교통과,처리완료,영동대로
13,(SPP-1710-1900681)가로등 점멸 * 첨부파일촬영시간 안내(안전신문고 운영,전라북도 부안군 백산면 평교리 1028-6가로등 점멸*  *(1/1) C: 2017/10/19 19:40:57G:*,2017-10-19,,2017-10-25,백산면,처리완료,영동대로
14,지하수 말고 상수도 쓰고싶어요,"안녕하세요 익산시 영등동 291-16번지에 5년이상 거주중입니다.처음 이사오면서 지하수로 생활을 하였는데 당시에는 결혼초기라 둘이 생활했기에물이 적게 나와도 별로 불편함을 모르고지냈습니다. 지금은 슬하에 아이 둘을 키우며 살고있는데너무 걱정이됩니다. 아이들 지하수물로 목욕해서 피부병이 생기는 기분이고 다른아이들과 다르게건강적인 면에서도 기분상 병원에 매일 드나든다는 생각이 드네요옛적 상수도가 보급화 되기전 다들 지하수로 생활하셨는데 수도 자체의 역활중 하나가 장티푸스, 콜레라이질등의 소화기계 전염병들과 풍토병, 눈병, 더나아가 유아사망 등의 발생을 줄이기위해 상수도를 전국으로보급했다고 하는데 전국 상수도 관이 깔린곳이 99%라고 합니다. 그럼 익산의 중심지라 할수있는 이곳 영등동이 상수도가 깔리지않은 1%라는게 말이 되나요? 시민이 행복한 품격 도시 라고 광고만 하면 행복한 익산이 되나요?보이는곳만 고치지말고 안좋은곳도 고쳐가며 제가 살았던30년보다 우리 아이들이 살기좋은 30년을 마련해주셨으면 좋겠습니다.",2016-12-28,2016-12-28,2016-12-30,상수도과,처리완료,테헤란로10길
15,(SPP-1802-2800299)가로등 불이 안들어옴 * 첨부파일촬영시간 안내(안전신,전라북도 부안군 보안면 영전리 390-2가로등 불이 안들어옴*  *(1/1) G: 2018/02/28 11:05:26G:  *,2018-02-28,,2018-03-07,보안면,처리완료,고덕로62길
16,아동수당에대해서,아동수당이 왜 타지역하고 다르게 늦는거죠 타지역은 이미 적합 부적합 결과가 나와서 25일 10만원지급한다는 문자가 왔고 또한 동사무소에서 신청한분들은 금방 결과가 나왔다는데 복지로에서 신청한사람들은 너무 늦는결과가 나온걸보면 온라인보다 오프라인이 더 먼저 처리가 되는구나 알겠습니다 아니면 익산이 일처리를 안하는건가요??,2018-08-17,2018-08-17,2018-08-21,복지청소년과,처리완료,성안로25길
17,임실 치즈축제 때의 일,임실은 치즈로 유명하다고 합니다그래서 이번 치즈축제 때 아이들을 데리고 지인들과 함께 행사 구경을 갔는데...너무 황당한 일을 보게 되었습니다행사장에서 임실군청 직원인 듯한 사람이 어떤 사람으로부터 의자에 맞아 피를 흘리는 모습을 보았습니다 입 주변에서는 피를 흘리고 있었는데 가해자는 또 다시 의자를 들어 넘어진 사람을 가격하려고 하였습니다아마 주변사람들이 말려서 다행이지 말리지 않았다면 정말 큰 일이 일어났을 것입니다지역적으로 이렇게 큰 행사가 있으면 안전문제에도 크게 신경을 써야 당연한 것 같은데 그러한 부분에서 많이 안타깝습니다 그리고 그자리에 있던 사람으로서 말리지 못하고 보고만 있었다는 제 자신이 너무 부끄럽습니다 의자에 맞아 다친 사람에게 용서를 빌고 싶은게 제 심정입니다 그 때 다치신분은 괞찬으신지요? 많이 다치진 않았는지요? 아무일 없어야 될 텐데... 어떻게 되었는지 매우 궁금합니다 그리고 그분의 연락처를 알 수 있다면 좀 알고싶습니다 알려주시면 감사하겠습니다아무쪼록 날로 발전하고 살기좋은 넉넉한 임실이 되기를 소망합니다,2017-10-12,,,군수실,처리완료,솔매로40길
18,주소전입시 전입장학금,장학금 10월초에 입금된다고 했는데 아직도 입금안됬습니다..확인부탁드리고 빨리 입금해주세요!!,2017-11-17,2017-11-17,2017-12-28,기획예산과,처리완료,오패산로
19,(SPP-1703-2801076)가로등 소등 번호 오리정로 046,전라북도 부안군 부안읍 봉덕리 799-3가로등 소등 번호 오리정로 046,2017-03-28,,2017-03-31,부안읍,처리완료,곰달래로31가길
20,부영2차 상가 불법개조 및 불법가설물과 적치물,"제가 이렇게 민원을 제기하는 것은 요즘, 우리나라에서 일어나는 안전불감증에 대해 저의 아이가 생활하는 아파트의 상가에서도 일어날 수 있는 상태여서 시정을 요구합니다. 저희 아이는 어양동 부영2차 상가에 있는 학원에서 미래를 준비하는데, 1층에 여러가지 위험요소 (불법 개조 및 불법가설물과 적치물)들이 많아 불안합니다. 상가의 비상구 출입구는 문을 만들고 상가1층 중앙에는 여러 가지 물건을 쌓아놓아 비상시 아이들이 한번에 이동시 방해를 받아 위험에 처할것 같습니다. 또한 뒤쪽에는 불법가설물을 확장 설치하여 미간을 찌뿌리게 하는등 여거가지 불법개조 및 불법가설물과 적치물로 인하여 개인의 이익만 생각하는 형태에 대해서 시정조치와 원상복귀가 되어 위험에서 안전하고 깨끗한 환경에서 생활할수 있독록 조치하여 주시길 바라겠습니다.바쁘시겠지만, 시민을 위해서 제가 제기한 불법에 대해서 담당자님의 책임있는 조치를 바라며 지켜보겠습니다. 새해 복 많이 받으세요",2018-01-04,2018-01-04,2018-01-05,주택과,처리완료,등촌로39바길
21,제설책임에 대한 답변내용을 보고나서,"!--StartFragment--

p class=""""HStyle0""""먼저 주민들의 요청에 따라 늦게라도 도로위에 염화칼슘을 뿌려주신 것에 대해 감사드립니다./p

p class=""""HStyle0""""br/p

p class=""""HStyle0""""“군수에게 바란다” 게시판에 들어가면 “소통하겠습니다. 군민이 중심이 되는 행복 장수” 문구가 눈에 들어옵니다. “군민이 중심이 되는 행복 장수”를 만들기 위하여 예산주민참여제도, 직소민원함 등 군민과 소통하고자 하는 제도들을 도입하여 운영하고 있습니다./p

p class=""""HStyle0""""br/p

p class=""""HStyle0""""군의 예산주민참여제도 도입 홍보가 있어 2015.8월경 마을주민이 마을 급경사도로에 “동절기 자동염수살포장치 설치”에 대하여 2016년 예산에 편성 반영하여 줄 것을 건의하였지만, 경제건설과 등 관련부서 2016년 세출예산서를 확인해 보았지만 반영되지 아니한 것으로 생각됩니다. 이렇듯 아무리 좋은 제도도 진정으로 군민들의 애로에 귀를 기울이지 않는다면 보여주기식 행정이라고 밖에 볼 수가 없습니다./p

p class=""""HStyle0""""br/p

p class=""""HStyle0""""급경사도로만 제설해줄 것을 요청한 사항에 대한 군의 답변내용을 보면서 주민들의 안전사고 방지 및 생활불편 해소를 위해 진정성 있는 노력을 하고 있다는 생각이 전혀 들지 않았습니다. 처음에는 제설불가 사유중의 하나로 제설대형덤프트럭이 마을내로 진입할 수 없다고 하였고, 도로 폭이 일반도로와 비슷하여 납득이 안간다고 하니 급경사등으로 인해 제설이 어려워 제설을 해 줄 수 없다고 하였습니다. 그래서 마지막으로 제설이 어려운지 시험제설을 해보았느냐는 물음에 관내의 많은 도로제설 때문에 제설 여력이 없다는 식으로 답변하였습니다. 아주 제설 성능이 좋은 것으로 알고 있는 군 제설덤프차량이라면 채 3분도 걸리지 않을 것으로 생각드는데 말입니다. /p

p class=""""HStyle0""""br/p

p class=""""HStyle0""""겨울철에 장수군 마을중 지나칠 정도로 폭설이 내리는, 온도가 매우 낮아 눈이 잘 녹지 않는 우리 마을의 경우 10도 이상의 급경사도로로 인하여 겨울철만 되면 홍역을 치르고 있습니다. 2013년 입주후 매년 제설이 되지 않아 급경사도로에서의 자동차 사고, 주민들의 낙상사고 등이 빈발하였고, 유조차 통행 불가로 난방보일러 기름이 떨어져 주유소에 직접 가서 플라스틱 통에 기름을 넣어와 그 경사도로를 거쳐 운반하였던 주민도 있었던 것으로 알고 있습니다./p

p class=""""HStyle0""""br/p

p class=""""HStyle0""""그 급경사도로는 군에서 조성한 군 소유 도로로 관련법령상 주민이 아닌 군에서 제설할 책임이 있는 도로임을 파악했음에도 불구하고 해결책이 없는, 주민들의 안전에는 아랑곳하지 않는 답변만 반복하고 있습니다. 군에서 트랙터차량 부착용 제설장비를 마을에 보급해주었기 때문에 제설을 해줄 수 없다고 하는데, 문제는 해당설비를 부착하여 그 위험한 경사도로를 제설할 대형덤프트럭 내지 대형트랙터가 마을에 없기 때문에 아무런 소용이 없는 설비를 제공해준 것에 불과합니다. 그러한 소용없는 해당설비를 반납하면 제설해줄 것인지에 대해서도 아무런 답변도 하지 않고 있습니다. 주민이 보유한 1톤 트럭차량으로 그 위험한 경사도로의 제설이 가능하다고 보는지 궁금합니다. 군에서 이 모든 사항을 알고 있음에도 불구하고 해결책이 없는 답변만 반복하니 주민들의 안전사고를 방지하고 불편해소를 위해 노력하고 있다는 생각이 전혀 들지 않는 것입니다. 주민들의 안전과 관련된 사항을 최우선적으로 해결해주는 것이 군민이 중심이 되는 행복한 장수라는 군수님의 운영철학과도 부합되는 것이 아닌지요. /p

p class=""""HStyle0""""/p

p class=""""HStyle0""""앞에서 언급한 급경사도로에 대해 군의 성능좋은 제설차량으로 제설해줄 의향이 없다면 일반적으로 회계연도중에 2~3회의 추경예산 편성이 있으므로 다음 겨울철이 오기 전에 급경사도로에 자동염수살포장치 또는 열선 포설 등 근본적인 해결방안을 마련하여 조치하여 주시길 요청드립니다./p

p class=""""HStyle0""""br/p

p class=""""HStyle0""""참고로 급경사도로에 눈쌓인 모습의 사진과 급경사도로 진입불가로 마을 진입전 눈길도로위에 주차되어 있는 차량들에 대한 사진을 첨부합니다./p",2016-02-10,,2016-02-16,대외협력,처리완료,등촌로51길
22,[안전신고] (SPP-1604-1123326)도로 파임,전라북도 부안군 줄포면 우포리 516-4도로 파임,2016-04-29,,2016-05-03,건설교통과,처리완료,마곡중앙로
23,변산면 마포리 205-3번지 무허가건물 관련,변산면 마포리 205-3번지 무허가건물 관련*스캔 참고,2018-04-13,,2018-04-23,민원소통과,처리완료,방화대로23길
24,고용지원복지플러스센터 직원분에 관해서 입니다,다른분들은 어떤지 모르겠지만 취업패키지 상담 담당자분이 너무 융통성이 없으신거 같습니다.제 사정을 모르는것도 아니신데 제가 담당자분을 봤을때 충분히 융통성으로 조절 가능할거 같은데안되는 이유도 말씀 안해주시고 막무가내로 안된다고만 하시니 전 급한 상황인데 너무 답답합니다.화도 많이 납니다. 여기에 써도 되는지 모르겠지만 고용지원복지센터 홈페이지엔 복잡하게 되어있어서검색 해보니 다른분들도 올리셨길래 올립니다.어떻게 되진 않겠지만 답답한 마음에 올려봅니다.,2018-07-22,2018-07-22,2018-07-25,민생경제과,처리완료,양천로
25,(SPP-1703-2200062)배수로 청소,전라북도 부안군 상서면 장동리 1115배수로 청소,2017-03-22,,2017-03-28,상서면,처리완료,양천로
26,군장대교 잔여부지 매입관련 문의드립니다.,"군장대교 건설시 일부토지 매수 후 남은 잔여부지(금동1-12, 금동 1-21)에 대하여 문의하고자 합니다.시에서는 잔여부지를 광장부지로 선정하여 현재 재산권을 행사할 수 없을 뿐만아니라 군장대교 건설시 건설업체에서 부지를 무단으로 사용하였으나 시와 관련된 일이여서 사용토록 협조해주었습니다.시에서는 이 광장부지 조성에대하여 어떻게 진행되고 있는지 알고싶어 문의남깁니다.",2016-10-27,2016-10-27,2016-11-03,직소민원팀,처리완료,화곡로
27,송학동 더샵@신축 건물소음과먼지,아파트 바로 앞 공사현장 때문에 한달넘게 잠을못자네요일요일아침 겨우잠들었는데 너우시끄러워 두시간도못자고ㅜㅜ한달넘게 생활하는데 너무힘이드네요시청에 전화했더니 이미공사가 진행되서 어쩔수없다는답변날이 더워공사를 일찍시작한다는데지금당장 저건물이 안올라가면 무슨일이 나는것도 아니고더우시면 날씨 선선해지면 공사를 진행하셔야되는거아닌가요?일요일아침인데 새벽6시에 공사진행하는건 건물주에 이기적인행동 아닌가요?소음도그렇고 먼지때문에도 너무힘드네요공사할때 바리게이트 이런거 치고해야하는거 아닌가요법적으로 공사시간이 정해져있는게 아니라고하면 날씨 시원해지면 공사진행하는게 맞다고봅니다잠깐잠깐 시끄러운것도아니고 매일아침 6시30분만되면 이렇게 시끄러우면살수있겠어요.영상에 보이는것처럼 저희 집 바로앞이라 일하시는분들이 하시는말까지 다들리고  미칠꺼같네요,2016-08-14,2016-08-14,2016-08-19,녹색환경과,처리완료,낙성대로15길
28,더러운거리,쓰래기불법투기금지라고안내현수막을설치했지만보란듯이버리는 사람 아무런조치도없는시청행정들 정말안타깝네요 깨끗한 익산시의 거리를위해 빠른조치부탁합니다,2017-11-26,2017-11-26,2017-11-30,청소자원과,처리완료,서림5길
29,도서관 운영의 문제점,"영등도서관 이용하는 시민입니다. 지하1층 식당을 자주 이용하는데,  주먹구구식 운영에 대한 민웡입니다. 점심시간을 전후로 사람들이 붐비는데, 음식이 주문 순서대로 나오지 않습니다. 10분전에 시켰는데 주인과 아는 사람인 듯한 사람이 먼저 받아가는 경우도 있었고, 손님이 없는데, 주문을 알리지 않아 30분을 기다린 경우도 있습니다. 오늘은 저보다 늦게 주문한 3명의 사람이 먼저 받아가 한참을 기다려습니다.  저뿐만 아니라 다른 시민들도 이러한 경우를 종종 보는데 개선되지 않습니다. 번호표라도 발행하면 쉽게 해결될 문제입니다. 또한 남자화장실 변기가 고장난지 한참이 되어가는데 언제 고치실 건가요?시정바랍니다.",2016-07-29,2016-07-29,2016-08-01,시립도서관,처리완료,광나루로44길
30,자전거도로,안녕하세요새해복 많이 받으세요다름이 아니라 익산IC에서 모현동 까지 자전거 도로 만들어 주시면 좋겠다는 생각에 글 올립니다자동차 마지막차선 우측 맨끝으로 해서 폭200CM면 될것 같은데....수고 하세요,2017-02-10,2017-02-10,2017-02-14,도시재생과,처리완료,용마산로22길
31,번암면 죽하간 시멘트포장 중지 및 다른 방법으로 공사건의,"동화댐 이면도로 포장은 재검토 하시기를 부탁드리고 필요하다면 공청회라도 해보심 어떨런지요?. 이거 이장회의에서 결정했다는 말은 들었지만 주민들에게 설명은 한적이 없는것으로 알고 있습니다.

더구나 번암 동화댐은 상수원이며 이 길은 개발을 해야할 곳도 아니다. 꼭 포장을 하려면 사람이 걸을 수 있는 둘레길에 초점을 두고 아직 진행하지 않은 남은길이라도 재설계하여 둘레길로 정비하는것이 옳을것입니다

",2018-08-14,,2018-08-23,대외협력,처리완료,디지털로31길
32,동진면 당상리 26-3,"수신:재무과 주무관님내용:귀 청 관내 동진면 당상리 26-3의 지방세 과세, 납부 누락분이 본인의 신고에 의하여 부과·수납되었으므로 첨부자료 검토, 해당부서 확인하여 부안군 세입징수 포상금 지급 조례에 따라 포상금 지급 신청합니다.첨부1, 2: 부안군 전자민원창구 민원접수내용, 답변 자료첨부3: 부안군 세입징수 포상금 지급신청서첨부4: 신분증, 통장 사본*포상금액 등 공란은 지방세기본법 제114조에 따라 민원인 확인 불가",2018-03-08,,2018-03-19,재무과,처리완료,디지털로33길
33,창평리 하천보수 공사 펌프 분실,"5월 29일 펌프 분실과 관련하여 글을 작성하였고, 담당자와 통화 및 시공사와 통화 하여금전적으로 보상해준다고 하였으나 여태 까지 보상은 커녕 전화하면 차일피일 미루기만 하고 여태까지보상을못받은 상황입니다.시청 담당자는 원만히 해결을 할테니 게시판 글을 삭제 해달라고 전화만 한통화 받았으며,현제까지 저희는 금전적인 보상을 못받은 상태이오니 빠른 처리 요청드립니다.",2018-07-12,2018-07-12,2018-07-16,건설과,처리완료,부일로19길
34,"대형트럭 통행으로 인한 외벽 및 주택, 전봇대 균열발생",안녕하세요여산면에 거주중인데요 짚 바로앞 도로에 대형 트럭들이 지나다니면서 진동과 함께 외벽균열과 주택 외부 균열이 발생하고 있습니다다대형트럭들로 인한 먼지와 소음도 힘든데 진동으로 떨림이 느껴지고 균열까지 발생하니 불안합니다다조치 부탁드립니다,2018-04-01,2018-04-01,2018-04-09,녹색환경과,처리완료,문성로
35,(SPP-1708-0900121)불이안들어옵니다 * 첨부파일촬영시간 안내(안전신문고,전라북도 부안군 백산면 오곡리 1064불이안들어옵니다*  *(1/1) G: 2017/08/09 09:55:32G:*,2017-08-09,,2017-08-14,백산면,처리완료,문성로
36,택시기사 주택가에서 경적,"2016년 10월25일 오전8시11분경 출근을 위해 콜택시를 불렀습니다.차량번호 7395가 배차됐다고 안내문자를 받은지 1분만에 해당 택시가 용제동 동우화인켐 사원아파트에 도착을 했고,정문에서 본인이 도착했음을 알리는 경적을 수차례 울렸습니다. 아파트 주택가이고, 아침 이른시간이며, 갓난 아이들도 많은 점을 감안해 저는 곧바로 기사님께 전화를 걸어 주차장 안쪽에 있으니 경적 그만울리시고, 비오니까 안쪽으로 들어오시면 있다고 말씀드렸습니다.그런데 입구에서 주차장으로 들어오는 그순간에도 경적을 빵 울리며 들어오는 겁니다.제가 택시에 승차하면서 직접 """"주택가에서 그렇게 빵빵 울리시면 어떻합니까, 제 휴대폰 번호 아시니 전화를 주시면 될것을.."""" 하고 말씀드렸더니 왜 입구에 안나와 있느냐, 내가 손님이 어디있는지 어떻게 아느냐며 역성을 내는 겁니다.대화가 불가능한 분인듯 하여 일단 그자리에선 좋게 넘어갔지만, 출근길 내내 그 기사님은 난폭운전에 급브레이크를 밟으며 운전했고, 전 굉장히 불쾌했습니다.분명히 콜센터를 통해 손님인 제 휴대폰번호를 받았음에도 본인이 편하자고, 화풀이용으로 경적을 주택가에서 크게 울리는건 상식적으로 말이 안되지 않습니까?서울시에서는 대중교통 버스나 택시 이용에 불편, 불만 사항이 발생시 접수를 받아 개선하는 행정센터가 구비돼 있고, 접수된 내역이 사실로 확인될 경우 그에 따른 제재조치가 진행됩니다. 익산에서는 인터넷을 통해 아무리 찾아봐도 그런 절차가 없더군요. 그나마 유사한 이곳에 글 남깁니다.",2016-10-25,2016-10-25,2016-10-26,교통행정과,처리완료,벚꽃로
37,(시청심사원함) ★ 김제시 관내 건물에 설치된 소화전함 실명제를 제안합니다.,김제시 관내 건물에 설치된 소화전함 실명제를 제안합니다,2016-01-10,,2016-03-22,안전총괄과,처리완료,벚꽃로
38,(SPP-1705-0400075)교통표지판 보수 필요,전라북도 부안군 부안읍 동중리 159-2교통표지판 보수 필요,2017-05-04,,2017-05-11,건설교통과,처리완료,벚꽃로
39,(안전보안관)(SPP-1806-2600168)하수구 위 물건좀 치워주세요 * 첨부파일촬영시간 안내,전라북도 부안군 부안읍 선은리 234-9하수구 위 물건좀 치워주세요*  *(1/2) C: 2018/06/26 10:21:28(2/2) C: 2018/06/26 10:21:39G:  *,2018-06-26,,2018-06-26,민원소통과,처리완료,서부샛길
40,택시,안녕하세요. 함열읍에는 택시를 잡아서 타거나 콜택시를 불러서 타도 기사님들이 미터기를 찍지 않고 기본요금을 5000원부터 받습니다. 기사님들께 말씀 드려도 함열은 원래 이렇게 받는다는 말만 하시는데 함열은 왜 이렇게 받나요? 그래서 택시를 쉽게 탈수도 없고 불편합니다.,2018-04-15,2018-04-15,2018-04-16,교통행정과,처리완료,탑골로5가길
41,미장코아루 상가 문턱이 무너지고 있어요.,안녕하세요? 저는 미장코아루 상가주 입니다. 미장 아이파크2차를 2015년 3월부터 진행하면서 도로가 갈라지고 상가 앞에 문턱이 무너지고 인도가 파헤쳐지고 있어서 그동안 수차례 민원을 제기하고 시청직원들도 나와서 사태를 파악해 가고 하였으나 이 민원은 해결되지 않고 있습니다. 내년 6월이 입주라고 하는데 그 담당자와 수차례 통화도 해보고 입씨름도 해 보았지만 해준다고만 하고 지금까지도 해결되지 않아 답답한 마음에 민원을 제기 합니다. 현대산업개발의 재산권 행사로 인해 지역민의 재산권을 침해한다는것은 민주주의에 어긋나는 일이고 이런일이 있어서는 안된다고 봅니다. 다른건 원하는게 없고 원상복구만 해주기를 바라고 시에서도 이 사항에 관심을 가져 주시기를 바랍니다.,2016-11-23,2016-11-23,2016-11-29,주택행정과,처리완료,덕릉로
42,은파한양수자인(조합원아파트)계약에 관한 사항,2017년 3월 5일자 은파한양수자인 조합원아파트 실태에 관한 최명재씨의 글을 읽고 저도 같은 피해자로서 이글을 올립니다. 시장님께서는 군산시민의 억울한 상황을 살피셔서 꼭 해결해 주실 것을 당부드립니다.  저는 은파한양수자인조합원아파트에 작년 3월에 계약하였으나 곧 국토부 승인이 날 것이라는 지역주택즉 말과 달리 승인은 계속 미루어졌습니다. 그러다가 어느 날 모델하우스가 철거 되는 것을 보고 상황을 물었더니 조합원 성원 미달로 승인이 나지 않아 분양이 취소되었다고 하였습니다. 그렇다면 정식으로 이 사실을 알리고 계약취소금 환불 신청 공문을 조합원에게 보냈어야 하는데도 공문이나 아무런 통보도 하지 않았으며 찾아간 그때서야 계약 취소금 환불신청을 하라는 말을 하였습니다. 그래서 작년 11월14일에 계약을 취소하고 환불신청을 하였는데 그후 1차계약금은 돌려받았으나 업무대행비 800만원은 주지 않았고 수없이 독촉을 한 결과 일부금액만 돌려주더니 또다시 미루고 미루다가 나머지 금액은 또 4월경에 준다며 사람을 우롱하고 있습니다.  계약취소금도 돌려주지 않는 사람들이 사무실을 차려놓고 4월중에 일반분양을 준비한다고 하니 이게 말이 됩니까? 최명재씨가 올렸던 글의 담당부서 답변에는 지역주택과 조합원간에 해결해야할 사항이라고 하였지만 공정한 사회를 실현해야할 공기관에서 이런 악덕업체에게 분양 허가를 내주면 안 된다고 생각합니다. 또한 군산시민 한 사람이라도 억울한 피해를 보는 일이 없도록 시장님께서 헤아려 주셔서 하루속히 업무대행비를 돌려받을 수 있도록 강력히 조치해줄 것을 다시 한 번 당부드립니다.*최명재씨   js87117@hanmail.net 으로 연락주세요,2017-03-21,2017-03-21,2017-03-28,최윤태,처리완료,덕릉로
43,버스정류장 벤치교체의 건,"게시글을 국민신문고에 올리게되었는데이곳에 작성하는게 맞는것 같아 다시 올리게 되었습니다. 안녕하세요.모현동 우림한솔맨션에 거주하고 있는 익산시민입니다.아침출근시마다 부모님께서 출근하실 때 매일 모현동 한국SGI익산문화회관 바로 앞에있는 버스정류장을 이용하시는데 불편을 겪으셔서 문의를 드리게 되었습니다.한 사람이 앉게되면 끝에 있는 다른한사람이 널뛰기라도 하듯이 의자가 튀어오르게 됩니다.한참되었다고 하는데 누구하나 건의하지도 않았겠지만 누구하나 고쳐주려고 하지도 않더군요.추운날씨 앉지도 못하고 서지도 못하고, 언젠가 보니 원대방면 버스정류장은 탄소발열의자가 있더라구요.순서대로 탄소발열의자 설치보다, 민원들어온 동네부터 우선적으로 탄소발열의자 바꿔주시기를 양해 부탁드립니다.날씨가 영하를 웃돌고 봄까지 꽃샘추위가 있으니 추운날은 여름이 오기까지 많은 날들이 남았습니다.현장점검 하시어, 저희 엄마와 우림한솔맨션 같은 아파트에 사시어 버스정류장 이용하시는 분들과 동네에 거주하시는분들이 춥지않도록 잠깐이라도 기다리는 시간에 따뜻하게 앉아서 기다릴 수 있도록 탄소발열의자를 꼭 변경해주시기를 부탁드립니다. ",2018-01-18,2018-01-18,2018-01-25,교통행정과,처리완료,덕릉로
44,냄새,분뇨 냄새가 너무 심하게 지속적으로 납니다,2017-08-24,2017-08-24,2017-08-24,녹색환경과,처리완료,덕릉로
45,도치마을 조명문제,"안녕하십니까? 신용동 도치마을에 사는 대학생입니다.다름이 아니라 도치마을의 조명이 매우 멀리 떨어져있어, 밤이 되면 마을 전체(원룸 일대)가 매우 어두워져 무섭습니다.범죄발생확률도 있다고 보구요. 그렇기에 도치마을 내에 조명을 몇개 더 설치해 주시면 감사하겠습니다.빠른 답변 부탁드립니다.감사합니다.",2017-06-05,2017-06-05,2017-06-05,건설과,처리완료,덕릉로
46,익산시  불법현수막,"주공8, 9차 뒤 사거리입니다  익산시 올바른 일처리를 했으면 합니다  이자리는  시민이우선이  아니라 익산시 우선인것 같습니다  이현수막은 불법아닌가 모르겠내요  안전한 횡단보도 사고없이 했으면 합니다  높이가 1m70은 넘지만  자전거 나 보행자 횡단보도 통행시 운전자  보행자 모두 위험 불편하지 않을까요??   현수막 철거해주세요! !",2016-06-06,2016-06-06,2016-06-13,도로관리과,처리완료,덕릉로
47,동산동동신아파트상가앞도로가많이패여있어요,동산동동신아파트 정문 맞은편 상가앞 도로가 많이 패이고 횡단보도 선 또한 없어진지 오래입니다.몇차례 건의를 하였으나 시 예산이 없어서 안된다고 하였습니다. (2015년)하지만 더이상 방치 하면 차량 손상뿐 아니라 시민들이 횡단보도로 다닐 시 넘어질 염려가 우려 됩니다.또한 상가 앞쪽으로 방지턱이 없어서 어린이들이 횡단보도로 건널 시에 위험성이 있으므로 방지턱을 해 주시면 감사 하겠습니다.  (신호등 없음),2016-02-24,2016-02-24,2016-02-29,교통행정과,처리완료,덕릉로
48,(SPP-1708-1000501)비가오면 물이 고여서 불편합니다 * 첨부파일촬영시간,전라북도 부안군 부안읍 봉덕리 856-2비가오면 물이 고여서 불편합니다*  *(1/1) G: 2017/08/10 14:36:59G:*,2017-08-10,,2017-08-14,건설교통과,처리완료,덕릉로
49,불법건축물 철거민원,"부안군청 건설교통과에서는 2018년 2월 5일 제기한 민원 신청번호 (1AA-1802-028959), 부안군 진서면 내소사로 188 전주식당 사업장 앞에 설치한 불법건축물(나무판자 및 계단/조리시설/신고되지 않은 야외테이블)확인하였으며 이에 대해 철거를 위한 절차가 진행중에 있음을 답변해 주었습니다. 그리고 해당 사업장의 시정명령 일자 기한은 2018년 5월1일 까지라고 답변 하였습니다. 다시한번 이를 위반한 영업소의 공유재산에 대한 무단 점유의 철거가 되었는지 확인해주시기 바랍니다. 철거가 되지 않았다면, 그 다음 행정처분 조치에 대한 진행이 어떤 조치중인지 왜 변함없는지답변에 기재하여 알려주시면 감사하겠습니다.",2018-04-23,,2018-05-02,건설교통과,처리완료,덕릉로
50,행안면 진동리 269번지 관련,행안면 진동리 269번지 관련*스캔참고,2018-05-04,,2018-05-15,푸른도시과,처리완료,덕릉로
51,(SPP-1805-1000417)부광회관앞 나무에 광고물부착 * 첨부파일촬영시간 안내,전라북도 부안군 부안읍 봉덕리 779부광회관앞 나무에 광고물부착*  *(1/1) C: 2018/05/10 15:42:23G:  *,2018-05-10,,2018-05-14,부안읍,처리완료,덕릉로
52,(안전보안관)(SPP-1807-2000503)횡단보도와 인도 사이에 물건 치워주세요 지나가는 사람과,전라북도 부안군 부안읍 서외리 614횡단보도와 인도 사이에 물건 치워주세요 지나가는 사람과 차의 통행에 불편함*  *(1/1) C: 2018/07/20 15:41:21G:  *,2018-07-20,,2018-07-26,건설교통과,처리완료,덕릉로
53,사과축제 관련 건의사항,"p안녕하십니까. 장수를 사랑하는 군민입니다./p

p이번 사과랑 한우 축제를 성황리에 마쳤지만 몇가지 아쉬움이 남는 것에 대해 건의 드립니다./p

p- 건의사항/p

p1. 각 읍면 음식점의 장수의 맛 홍보 알리기/p

p: 육개장,낙지 볶음,파전 등 어느 행사를 가도 먹을 수 있는 음식입니다. 장수의 맛을 알리기 위해 오미자, 토마토, 사과 등을 활용한 음식 및 레시피를 배포하여 만든 장수 오미자청으로 만든 더덕무침, 사과조청 인삼절임, 장수 토마토 카나페, 장수 사과 소스를 곁드린 한우 스테이크 등등 다양성으로 관광객들은 맞이하면 어떨런지요?br /
2. 축제팀 외 타 부서 의견 수렴 및 개선사항 회의br /
: 축제를 마치면 끝나는게 아니라 개선사항 및 더 좋은 사항 혹은 타 축제의 좋은 점을 적용하는 마케팅을 도입하여 군민 외 타 지역 관광객들에게 인상이 깊은 축제가 되길 바랍니다. 공무원분들 외에 장수를 잘 아는 계약직원들의 의견수렴도 들어 주시면br /
감사하겠습니다./p",2017-09-25,,2017-10-10,대외협력,처리완료,동일로174길
54,문동신 군산시장님께 - 중소기업살리기 스코리아아트 지구보존 문화축제 협조요청공문입니다.,"문동신 군산시장님께오는 10월28일에서 11월1일까지 5일간 고양시 덕양구 대자동 삼송공룡테마파크에서 """"중소기업살리기"""" """"힘내라대한민국"""" """"힘내라 중소기업""""이란 주제로 제1회 스토리아아트 지구보존 문화축제를 개최하게 되었습니다.본행사는 월드마스터 명인회 김정수 세계명인의 스코리아아트 예술품과, (사)대한명인회의 예술작품을 선보이는 자리임과 동시에 지구보존과 관련한 친환경 중소기업전, 그리고 중소기업홍보부스 및 전국 특산품전을 통하여 고양시민들과 서울시민들 그리고 중소기업이 하나가 되어 만나는 중요한 만남의 장이 될 것입니다. 또한 세계명인들의 예술작품과 가수들의 축하공연 등 다채로운 볼거리를 제공함으로 고양시민들과 서울시민들의 문화생활에도 기여 하고자 하오니 의장님께 적극적으로 후원해 주시고 축사해 주시길 간곡히 청하는 바입니다.2016.9.26.스코리아아트문화재단 김정수(세계명인) 배상 (사) 한민족운동지도자연합회 김형주 총재 배상 (사) 지구보존운동연합회 박보규이사장 배상한국안전방송 이병걸(안산 시민회 회장) 배상한국인터림협회 김형준(명지대 정치학 교수) 대회장 배상중소기업연합통신 김준수 회장 배상",2016-09-26,2016-09-26,2016-09-29,김범석,처리완료,한글비석로44길
55,시내버스 소음,무더위 고생이많으십니다저는 부송동 동아아파트에거주 하고있습니다여기는 버스정류장이이자 종점으로알고 있습니다그런데  요즘같은 더운날씨에 창문을열수가없습니다정류장에버스들의 소음과 매연으로 화가납니다버스가출발했을때  악셀레터를너무쎄게 밟고 올라가  소리를듣고있자니 너무짜증이납니다악셀레터는 천천시밟아도 버스출발은 가능한데 어찌 쎄게밟는지. . .소음측정도  얼마되는지 알고싶습니다,2017-08-22,2017-08-22,2017-08-31,녹색환경과,처리완료,한글비석로44길
56,문의드립니다,"익산 시외버스 터미널이 이전된다는 소문? 이 들리던데 (송학동 쪽으로)사실인지요???? 가뜩이나 구도심 인구유출이 심화되는데너무 일방적인 도시개발이 아닌지요??? 기존 구도심은 (동산, 마동, 인화,주현) 빈민가로 만들려고 그러는건지요?혐오시설만 유치할려고 하시는건지 같은 익산시민인데 너무 일방적인 몰아주기식 개발은 형평성에 어긋나는걸로 보이는데혹시 검토중이시라면 다시한번 생각해주시기 바랍니다 같이 살아야지 편파적인 개발은 아닌거같습니다!",2016-12-17,2016-12-17,2016-12-19,교통행정과,처리완료,한글비석로44길
57,102번 버스기사 조기출발,102번 버스 잦은 조기출발 문제로 민원을 제기합니다오늘 오전 익산역 부근 8시 46분 출발로 되있던 버스가 37분에 출발 했습니다혹시 32분 버스가 늦은건 아닌가 해서 기다렸더니 다음 버스가 8시 55분에 도착했습니다 배차간격이 12분으로 되있던 버스가 도데체 어떻게 운행하면 9~10분 먼저 출발 할 수 있는 지 황당하네요매일 46분차를 타는데 매일 조기 출발 하지 않고 가끔 그러는 거 봐선 특정 버스기사분이 빨리운행하고 휴식시간을 더 할애하기 위해 그러시는 것 같습니다그런데 퇴근 시간도 아닌 아침 출근 시간대에 그렇게 조발을 하는 건 문제가 있다고 봅니다 익산지역 특성상 실시간 gps조회나 버스가 몇분 뒤 도착하는지 알려주는 기계를 버스정류장 설치하지 못 해서 조발문제가 더 심각하지 않나 싶습니다 아무쪼록 더운 데 고생하시고 잘 부탁 드립니다해당 게시물이 '부조리 신문고'에서 이동 되었습니다.,2016-06-30,2016-06-30,2016-07-04,교통행정과,처리완료,한글비석로44길
58,골목길이 위험합니다,"집앞에 무슨 공사를 했는지 골목이 파여진 상태로 근 1년이상 방치되어 있습니다.또한 빈집이 있어 담장이 무너졌고 또다른 담장이 무너질 우려가 있습니다.지나가다 담이 무너져 다치면 시에서 책임을 져줍니까빈집, 무너진 담장, 무너짐이 우려되는 담장, 파여진 골목에 대한 답변을 듣고 싶고빠른 시일내에 적절한 조치바랍니다.   주소는 익산시 남중동 353-1번지 입니다노모가 혼자 살고 있으며 골목의 파여진 부분을 헛딛어 이로 인해 허리가 안 좋으신 분이 삐끗하여 병원에도 입원하셨고  현재 병원 통원 치료중입니다. 이 부분에 대해서는 시에 책임을 묻도록 하겠습니다 ",2016-05-03,2016-05-03,2016-05-19,도로관리과,처리완료,한글비석로44길
59,(SPP-1703-2300085)가로등고장,전라북도 부안군 줄포면 줄포리 산 33-73가로등고장,2017-03-23,,2017-03-31,줄포면,처리완료,한글비석로44길
60,반디랜드 수영장에 햇빛가리게 설치 부탁드립니다,안녕하십니까 군수님더우신 날에 행정업무 챙기시라 건강은 어떠신지요?저는 무주에 거주하고 있으며 두 아이의 엄마입니다여름날 반디랜드 수영장을 자주 이용하는데 물은 차갑지만 강렬한 햇빛을 가려주는 설치가 되어있지 않어서 너무 불편합니다. 수영장 밖으로 파라솔이 몇개 있지만 그게 문제가 아닙니다수영장위로 햇빛가리게만 설치하더라두 사람이 많을 텐데 그게 없다보니 이용하는 사람들의 불만도 많고 수영을 하더라고 강렬한 햇빛을 이길수 없습니다이제 곧 휴가철이고 방학이라 이용객이 많을테니 부디 반디랜드 수영장에 햇빛가리게(차광망) 설치좀 해주세요무더위에 건강조심하시고 늘 행복하세요,2018-07-13,,2018-07-23,자치행정과,처리완료,노해로70길
61,불법튜닝,42부7659불법led리플렉터과태료 및 임시검사 부탁드립니다일시 2017년9월10일오후1시10분장소 성덕고교 앞,2017-09-13,,2017-09-22,건설교통과,처리완료,덕릉로
62,21715 답변지연의건(유기견화상푸들관련),"시정의 일로 많이 바쁘신듯 합니다.21715관련 답변이 지연되어 몇자 적어 봅니다.현재 화상 푸들아이의 안전을 확인해 달라는 답변이 너무 늦습니다.1. 아이의 X-RAY 사진을 올려주시는것이 그리도 어려운일인지요?  담당 이경배공무원의 업무중 동물변원 관리업무가 있으시던데 그렇다면 12시간안에 처리가능한일 아닐까?2. 파보뱔생으로 생명을 잃게한  가택에 또 다시 아픈 아이를 보호하는 유씨의 가택이 안전한지  확인하신건가요?3. 유씨는 현재 타 SNS상에 자신의 심신이 현재 하고있는 일(양계장사업)로 인해 조류독감으로 인한 비상사태라고    올렸는데 심신이 힘든 상태에서 다른 생명들의 돌봄이 가능한가요?[기재내용:11.21 동물생명윤리 XXX 밴드 내]4. 담당 공무원께서는 유씨가 속해있는 밴드에 9.19 가입하셨고 그 밴드 9.24 내용에 저희 밴드에서 아이들 치료가   진행되고 있다는 내용을 공지 되어 보셨을텐데 어찌 당 밴드의 구조와 치료 내용을 보셨다면 당 밴드회원들의   진정성을 아셨을꺼구 그럼 당 밴드에서 화상푸들 아이의 권리를 주장하는걸 맞다고 생각히지 않으십니까?   (유기견과 XXXXX  밴드에 공지된 사실에 근거한 내용임을 밝힙니다 ]5. 유씨가 9.15 황등보호소에서 화상푸들 유기견과 그외 믹스견, 말티견등 총 세마리를 구조할때  당시   입양계약서를 작성하지 않았으며 추후 11.18에 입양 계약서를 작성한 이유는 무엇입니까?  [당시 김민서익산시의원(새누리당, 現 익산시 공직자윤리 위원회 부위원장), 이경배담당공무원이 동행했는데 부인   하시지 않으시겠죠?]6. 담당공무원께서 생명의 소중함을 아신다면 한쪽의 이야기를 가지고 사실화하는 상황은 만들지 마셨어야 한다고  생각합니다. 당 밴드 회원들의 솔선수범으로 지켜온 동물사랑이 몇몇 개인들의 이기심으로 상처 받고 더욱이 해야  할 선행들을 하지 못한다면 그건 당 밴드 회원들의 명예훼손이 아닐까요?  솔로몬의 지혜 아시지요? 저희는 화상푸들 아이뿐만 아니라 현재 유씨의 가택에서 11.4 파보발생으로 죽은 생명과  앞으로 살아남아야 하는 생명들의 안위를 묻고 그 아이들이 좋은 가정에서 견생을 살길 희망할 뿐입니다.  이 견들의 생이 사람의 욕심으로나 이기심으로 이용되지 않길 바라며 다시 한번 정리해 봅니다. ▶답변은 댓글로 부탁드리겠습니다.  감사합니다     이미진드림 2016.11.25(AM 11:13) ",2016-11-25,2016-11-25,2016-11-28,축산과,처리완료,방학로11길
63,유기동물보호소,강아지 잃어버린 사람들이 얼마나 절박한 심정으로 공고를 살펴보는데 사진을 저런식으로 찍으십니까한마리 한마리 안고 우쭈쭈 까지는 바라지도않습니다나라에서 지원금을 받고 안락사를 시행하는 보호소면 최소한 가족들이 알아볼수있을정도로는 찍어서 올리셔야하는거아닙니까애들 밥은줍니까?보호소라고 이름붙어있으면 보호소답게 해주세요직접 가보진못했지만 사진만 보면 애기들 가둬놓고 이도저도 못하게하는 안락사대기소같은곳이네요제에발 시정부탁드립니다,2016-11-09,2016-11-09,2016-11-10,축산과,처리완료,방학로11길
64,매연차량 과태료 부과 및 포상금 지급 요청,2016년 6월 12일 오후 4시 44분경 김제시 에서 전주방향 콩쥐팥쥐로에서(아리랑로와 만나는 부근) 매연을 뿜으며 주행하는 검은색 구형 쏘렌토를 발견하였으니 과태료 부과 및 매연 포상금 지급바랍니다.차량번호는 57가 7000번입니다.,2016-06-12,,2016-06-20,친환경축산과,처리완료,방학로11길
65,시내버스 건의합니다.,"안녕하세요:)저는 30번대 시내버스를 자주 이용하는 시민입니다.다름이 아니고 일부 시내버스 기사님들의 난폭운전과 불친절함, 그 외 배차시간을 지키지 않는 등의 문제로 이렇게 건의글을 올립니다.30번대 버스는 황등, 함라, 삼기 등 시내에서 시골까지 운행하기 때문에 학생들 뿐만 아니라 어른신들이 많이 이용하십니다. 특히 북부시장 5일장이 열리는 날에는 어르신들 승하차가 상대적으로 많습니다.그럼에도 불구하고 일부 기사님들 운전하실 때 안전이라고는 찾아볼 수가 없네요.뭐가 그렇게 급하신건지 과속은 물론이고 급정거, 급출발, 급커브....젊은 학생들도 손잡이를 잡고도 휘청휘청거리는데 어르신들이야 오죽하겠습니까?덧붙여서 차가 완전히 정차하지도 않았는데 뒷문을 열어주시네요^^시내버스 안전/서비스교육 안하시는건가요ㅠㅠ 그리고 배차간격, 시간표 문제로 예전에도 게시글을 올린적이 있었는데...여전히 시간표가 없는 정류장들이 많습니다. 예전에 한 번은 버스에 문제가 생겨서 2대-3대 가량 빼먹은 상태에서 한시간 넘게 기다리다가 탄 적이 있었습니다.그 때 당시 한겨울이었는데 기다리다 못해 교통과로 전화했을 때 교통과도 상황을 잘 알고 계시지 않더라구요. 그 후 알아봐주시고 다시 연락주기는 했지만 곧 도착하니 조금만 더 기다려달라는 말씀만 하시고..별다른 조치없이 그후로도 20분을 더 기다렸던 기억이 있습니다.우리는 전주, 군산 심지어 화순군, 장성군에도 있는 실시간버스어플도 없고...배차간격이 큰 정류장에서는 버스를 한 번 놓치면 더울때나 추울때나 언제 올지 모르는 버스를 마냥 기다리고만 있어야합니다.익산은 실시간버스 어플리케이션 개발이 그렇게 힘든겁니까? ㅠㅠ 모쪼록 일부 기사님들 안전/서비스, 배차시간표 개선 바랍니다.  추운 날씨에도 시민들을 위해 수고해주셔서 감사합니다.좋은하루 보내세요.",2017-01-25,2017-01-25,2017-01-26,교통행정과,처리완료,고미술로
66,왜가리 (으악색) 문제를 해결해 달라고 글을 올렸는데..,7월 7일에 글을 올렸는데접수만 해놓고 왜 해결을 안해주시는지요...조촌동.에코리버 아파트 앞의 산을 한번 보세요...몇천마리가 산에 앉아서 보기에는 장관인지 모르지만..살고 있는 사람은 정말 끔찍합니다.얼마나 많은 새들이  시끄럽게 하는지그리고 새똥 냄새가 얼마나 지독한지...문을 못 열어논다고요..여름에 더운데.. 에어컨만 켜놓을 수는 없잖아요더 이상 이 새소리듣고 싶지 않아요날도 더운데 스트레스가 이만저만이 아닙니다.,2016-07-25,2016-07-25,2016-08-02,직소민원팀,처리완료,이문로12길
67,(SPP-1711-2300395)교통방해 현수막 제거 * 첨부파일촬영시간 안내(안전신,전라북도 부안군 진서면 석포리 702-7교통방해 현수막 제거*  *(1/1) G: 2017/11/23 14:23:45G:*,2017-11-23,,2017-11-30,진서면,처리완료,국사봉2나길
68,5월24일 칠성1길 밤샘불법주차 보고서,군산시청에서 일하시는 공무원 너무너무 일을 안하시네요.칠성1길 밤샘불법주차 때문에 사람 하나 죽어야 일하시려고 그러시나요?칠성1길 밤샘불법주차 문제로 사망사고및사고 발생시 문동신시장님및관련직원분들 어떠한 책임을 지실지 보겠습니다.,2017-05-25,2017-05-25,2017-06-05,직소민원팀,처리완료,상도로15아길
69,군산시에 시장님은 계십니까?,"시장님! 군산시에 시장님은 계십니까?어린이가 행복한 도시, 아동친화도시를 하시겠다고 하시던데 왜 아동 1400여 명이 먹는 지역아동센터 급식에 대해서는 잠잠하십니까?시범실시 포함 무려 1년이 넘도록 아동들이 먹는 밥 그릇 갈등이 매우 심각한데 왜 시설장들에게 한 번도 나타나시지 않습니까?시민의 한 사람으로서 도저히 납득이 가지 않습니다.당황스럽습니다.이유가 무엇입니까?다른 지자체장과 비교해 볼 때 너무 무관심하시니 시장님이 계시지 않는 것 같습니다.시장님이 보실 때 손주나 손녀 같은 아동이 1400여 명이나 됩니다.아동들이 먹는 밥그릇 가지고 이러하니 부모된 자로서 너무 부끄럽습니다.너무 염치가 없는 불통이라고는 생각지 않으십니까?다른 사소한 행사에는 잘 가시던데...지금이라도 관심을 가져 주시기 바랍니다. 2016년 10월 03일 나 바로세우기 지역아동센터시설장 장재훈 목사 올림",2016-10-03,2016-10-03,,어린이행복과,처리중,상도로30길
70,똥냄새 좀 제발,익산시 춘포면 거주자입니다.한동안 안나던 똥냄새가 저녁 8시부터 지금까지 작렬하네요.창문도 못열고 몇 시간동안 환기도 못 시키고 있자니..짜증이 납니다.날짜를 보니 선거기간동안은 안나던 똥내가 선거가 끝나니 속이 뒤집어지고 메스꺼울정도로 진동을 합니다.그동안 안나던걸 한 번에 푸는건가 싶을정도로 심하네요.어제 오늘 일이 아니었지만 여기 사는동안 해결해준 적은 없습니다. 그러니 지금도 냄새가 나고 있겠지만요. 뭘 어떻게해야 이냄새를 더이상 맡지 않고 살 수 있도록 조치해주실 건가요?냄새의 진원지를 알아내서 장소라면 폭파라도 시켜버리고 싶은 심정이고회사라면 사장 멱살이라도 잡고 흔들고 계란이라도 던지고 싶습니다. 여태까지 냄새 해결해준다고 공략 세워놓고 당선된 후 지키지 않은 의원들도 양심을 팔아먹은 작자들입니다. 진절머리가 나네요. 이번 지방선거때 투표도 참여한 유권자로써 당당하게 요구합니다. 해결책 좀 마련해주세요.익산시 끝자락에 사는 시민들이 다 떠나기전에 말이죠.,2018-06-15,2018-06-15,2018-06-20,녹색환경과,처리완료,상도로30길
71,공공장소 반려견 목줄,중앙체육공원 미륵산등을 자주 이용합니다. 제가 제일 불편한 점은 반려견들 목줄 착용을 안한다는 겁니다. 모악산 은파공원등을 다녀보면 목줄을 거의 착용하는데 유독 미륵산과 중체에서는 당연히 목줄없이 반려견들과 산책하시는 분들이 많은데요 시차원에서 입구쪽에 목줄 착용안할시 적용할수있는 벌금등을 고지한 플랭카드라도 게시해주셨으면 좋겠습니다.시에서 발간한 홍보물에도 꼭 기재해주시면 감사하겠습니다,2017-10-23,2017-10-23,2017-10-26,체육진흥과,처리완료,상도로30길
72,영등제일1차아파트 사거리 횡단보도 안전문제,익산시정 업무에 수고 많으십니다제안 드리고 싶은 내용은  영등 제일1차아파트 사거리 보광교회 에서 아파트로 가는횡단보도를  건너다 보니  향나무 가로수로 인해 홈플러스 사거리에서 오는 차량이 보이지 않아서자칫 사고 위험이 있습니다이 횡단보도는 남성 중.고등학생등 주로 학생들이 많이 이용하는 횡단보도인데 왼쪽에서 오는 차량이  보이지 않는다면 안전에 심각한 문제가 됩니다검토 바랍니다..,2017-08-14,2017-08-14,2017-08-17,도로공원과,처리완료,상도로30길
73,상생,"최근 주말에  모현도서관 옆 운동장에서 강아지 주인과... 도로를 운동하던 분과의 마찰이 있는것을 목격했습니다.말싸움 끝에 결국 경찰까지 출동 하더라구요...들어본즉... 두분 모두의 말이 틀린 얘기는 아니더라구요... 강아지에 대한 거부감이 없는 저로서는...공원이 익산시민모두의 공간이기에 강아지 주인의 입장도 이해가 되고... 운동을 하시고 ..강아지를 싫어하시는 분들의 마음도 이해가되더라구요... 그러다가 전주나 다른 타 도시에 강아지들이 뛰어 놀수 있는 공간을 마련해 놓은 지자체 기를 듣게되었습니다. 물론 잘 시행이 되고 있는지는 모르겠으나... 우리 익산도 큰 공간이 아니라.. 조그만 공간만 견주들에게만들어 준다면... 이런 문제가 없지 않을까 하는 생각이 들어라구요..  운동하시는 분들은 강아지 목줄을 해달라고 말씀 하시고,  강아지를 데리고 오신분들은... 운동하는데 방해가 되지 않게 할테니 양해해달라고 말하고... 듣고 있자니안타깝더라구요.. 우리 익산에 공원이 서동 공원을 빼고는 4군데 정도가 되는데... 그곳에 조금만 할애해서 울타리를쳐준다면.. 모두에게 좋은일이 아닐까 라는 생각이 들더라구요... 커다란 예산이 들것 같지는 않은데 말이죠...  ",2017-08-08,2017-08-08,2017-08-10,도로공원과,처리완료,상도로30길
74,버스 표지판. 설치해 주세요,안녕하세요 여긴 함라면 칠목재로에 있는 함라산 등산로입구에 있는. 칠목마을입니다.  등산객들 많아져. 버스 이용하시는 분들도 많아 지셨는데요. 익산행 버스타는곳에 표지판이 없습니다그래서인지 등산객들이 아무데서나 버스를 타십니다.   그래서인지 버스기사님들이 마을주민들이 항상타던 곳에서 버스를 타면 왜 여기서 타냐 위로 올라와서타라. 하시며 뭐라 하십니다.그래서 원래 여기가 승강장이다 말씀드리면 위에서 타라고 뭐라하십니다. 버스탈때마다 실랑이 하는것도 그렇고. 버스 승강장 표지판만 있어도 이런. 불편함은 없을것 같은데요. 꼭. 승강장 표지판 좀 세워 주세요꼭. 부탁 드립니다!,2016-09-26,2016-09-26,2016-09-28,교통행정과,처리완료,상도로30길
75,333번 버스 익산여객 1308,제가 5월 25일 오후 6시 10~20분쯤 사이에 북부시장에서 원대병원 방향으로 가는 333번 버스를북부시장에서 승차했습니다그리고 원대병원에서 하차하려고 미리 하차벨을 눌렀고 버스는 원대병원에서 정차하였습니다그러나 버스 기사님은 앞문만 열어서 승객들을 태우고 뒷문을 열어주지 않으시더라구요버스기사님이 잊으셨나해서 저는 뒷문을 두드리고 기사님 뒷 문 좀 열어주세요 라고 두차례 말했으나 열어주지 않으시더라구요 버스에 있던 승객들 다 저 쳐다보기까지 했습니다저는 참다 앞문 쪽으로 갔고 기사님한테 왜 뒷문 안열어주세요? 라고 말을 햇는데 저를 쳐다보지도 않더라구요 완전 투명인간 취급...버스기사님 귀 안들리시는 분 뽑은거 아니죠?쳐다보지도 않으시고해서 저는 앞문으로 내렸습니다 내릴때까지 반응도 없으시더라구요버스에 씨씨티비 있으니까 확인해보시구요어떻게 저런사람이 버스 운행을 합니까 기본적인것도 갖춰지지않을 사람을...너무 기분도 나쁘고 어이가 없었습니다 그럼 버스 뒷문을 기사가 열어주지 누가 열어주는지뭐 승객이 문 열어야하나요? 제가 늦게 벨을 누른것도 아니고 미리 하차벨을 눌렀고 문도 두드리고 문열어주세요라고 말까지 했는데 무시하시고...운행했던 기사님 더 이상 버스 운행 안하셨으면 좋겠고 그 기사님한테 사과 받고 싶습니다,2016-05-25,2016-05-25,2016-05-27,교통행정과,처리완료,상도로30길
76,(SPP-1703-2901405)시야를 가리는 불법 광고 게시물 제거해주세요,전라북도 부안군 진서면 진서리 795-1시야를 가리는 불법 광고 게시물 제거해주세요,2017-03-29,,2017-03-31,진서면,처리완료,상도로30길
77,(SPP-1708-1100555)상서면 575 가로등불이 나감 * 첨부파일촬영시간,전라북도 부안군 상서면 감교리 689-1상서면 575 가로등불이 나감*  *(1/1) G: 2017/08/10 11:56:34G:*,2017-08-11,,2017-08-21,상서면,처리완료,상도로30길
78,[생활불편신고]불법광고물,<불법광고물> 불법광고물 (1/1) A : 2017.09.07 15:10:13 A :  : I :  .[ (02-2195-1129~30)],2017-09-07,,2017-09-15,계화면,처리완료,상도로30길
79,(SPP-1710-2500670)상설시장 앞 도로 위에 물이고여 있어 자동차가 지나갈,전라북도 부안군 부안읍 서외리 29-3상설시장 앞 도로 위에 물이고여 있어 자동차가 지나갈시 보행자가 물벼락을 맞을 위험이 농후합니다한번 고민해 주세요*  *(1/1) C: 2017/10/25 17:20:44G:*,2017-10-25,,2017-11-02,건설교통과,처리완료,상도로30길
80,(SPP-1803-0500419)가로등 불이 안들어옵니다 * 첨부파일촬영시간 안내(안,전라북도 부안군 보안면 남포리 524가로등 불이 안들어옵니다*  *(1/1) G: 2018/03/05 13:54:28G:  *,2018-03-05,,2018-03-07,보안면,처리완료,상도로30길
81,폐지 수집용 손수레 등의 광고·홍보 대행을 통한 상호 윈 윈 제고방안,폐지 수집용 손수레 등의 광고·홍보 대행을 통한 상호 윈 윈 제고방안,2018-04-23,,2018-04-23,기획예산과,처리완료,성대로6나길
82,생활쓰레기 처리 문제,"저는 익산시 원봉길 50-1 (정족동 337-11)에 살고 있는 시민입니다.저희는 당초 생활쓰레기는 2주에 1회 , 재활용쓰레기는 1달에 1회 정도를 임상버스정류장 앞에 버려왔습니다.하나로변에서 원고가는 방향에 위치한 버스정류장입니다.최근 버스정류장에 쓰레기를 버리지 말라고 하며 줄을 쳐놓은 상태입니다.저희집은 갈뫼 방향으로 200m 안쪽에 위치해있어 쓰레기 배출할때 그곳으로 걸어가 배출하였으나지금은 어디다 배출해야할지 모르고 있습니다.삼성동사무소 출장소에 의뢰한바 화요일과 목요일 생활쓰레기를 수거한다고 전날 그곳에 가져다 놓으라고 했지만목요일 아침 가져다 놓은 생활쓰레기 봉지는 옷 수거함 뒤쪽에 버려진채 수거해가지 않았습니다.저희 쓰레기가 그렇게 방치되는 것도 싫고 버릴곳이 마땅이 없는것도 싫습니다.적당한 쓰레기 모으는 장소를 알려주시거나저희집 앞에도 하루 6회정도 버스가 들어가는 동네이므로2주에 1번꼴로 생활쓰레기 수거날짜를 정하여 집앞에서 수거해 주시고 1달 1회정도 재활용 쓰레기를 수거하는 날짜를 정하여 수거해 주실수 있는 방안을 모색해 주시기바랍니다.동네 어르신들은 많이들 태우고 계신것 같지만 생활쓰레기를 태우는 자체가 불법으로 알고 있습니다.. 대책을 강구해 주시면 감사하겠습니다. ",2017-06-02,2017-06-02,2017-06-07,청소자원과,처리완료,성대로6나길
83,악취해결해주세요,여전히 새벽에 날아오는 악취가 심합니다창문열기가 두렵습니다액비공장의 똥냄새가 심해요바람이 안불면 냄새가 덜하다가 바람이 분다싶으면 심하게 냄새가 납니다이 더운 여름 바람부는데 창문을 열지 못하는건 피해가 아닐까요?손해배상 청구해야되는거 아닌가?,2018-08-03,,2018-08-13,친환경축산과,처리완료,성산로2길
84,"아파트 신축부지 스레이트지붕등의 철거에 따른 비산먼지등을 방지하여주십시오,","1) 익산시 평동로 아파트 신축부지 중, 평동로 767-9의 건물의 스레트지붕을어제(1/20 토)와 오늘(1/21 일) 첨부 사진과 같이 비산먼지등의 방지 대책을실시하지 아니하고 스레이트 지붕의 철거 작업을 하고 있기에, 오늘 9시15분, 9시39분 익산시청 민원실 (1577-0072)에 비산먼지 발생 방지시설을 하고 철거작업을 할 수 있도록 요청과 이의 확인을 요청 한바 &ldquo;적격한 업체에서 철거중이다&rdquo;라고 시공사에서 답한다는 라는 답변을 들었습니다.적격업체의 철거여부보다, 현재 철거하고 있는 방법이 적법한 방법 인가 의문입니다. 작업자들은 방진작업복, 방진마스크 등을 착용하고 작업하면서, 철거작업중 발생되는 스레이트 비산먼지에 의한 인근주택 거주자들의 피해는 고려하지 않는 것 같습니다. 적법한 방법으로 철거작업이 이루어질 수 있도록 시정조치 하여주십시오.2) 익산시 평동로 아파트 신축부지 중, 평동로 767-15 2층 단독주택(콘크리트슬라브)의 철거를 위해 첨부한 사진과 같이 주택 앞면부위 일부에만 가름막을 설치 하여있습니다(1/21 현재). 오늘 이후 철거 할 것으로 예상이 되는데, 철거과정에서 발생되는 비산먼지, 진동, 소음으로 인한, 인근주택에 피해가 발생하지 않도록 하여주시길 바랍니다. 아파트 신축부지의 주택 철거 작업실시후 발생되는 비산먼지, 진동, 소음으로 인해 생활에 불편이 발생되고 있습니다.본인이 작성한 &ldquo;시정에 바란다&rdquo;는 아파트 신축에 따른 기존주택 철거시 발생한 생활불편이 있기에 시정에 바란는 것이지, 익산시청 공무원을 힘들게 하고, 공사를 방해하려는 것은 아닙니다",2018-01-21,2018-01-21,,,처리중,모래내로17안길
85,(SPP-1703-2400726)쓰레기를 치워주세요,전라북도 부안군 부안읍 동중리 252쓰레기를 치워주세요,2017-03-24,,2017-03-31,부안읍,처리완료,북아현로4마길
86,(SPP-1710-2400328)가로등 고처주세요 * 첨부파일촬영시간 안내(안전신문고,전라북도 부안군 변산면 운산리 369-2가로등 고처주세요*  *(1/1) G: 2017/10/24 13:43:44G:*,2017-10-24,,2017-10-26,변산면,처리완료,연희로36길
87,부안군 부안읍 동중1길 주차장 터 개똥 민원 처리 부탁드립니다.,"더운 날씨에 읍의 발전을 위해 항상 고생 많으십니다. 부안군 부안읍 동중4 경로당 뒤편 (동중1길) 공영주차장을 이용하는 주민입니다.주차장이 처음 생겼을때부터 종종 이용하고 있는데 최근 들어 주차장 관리가 너무 되지 않고있어 사용하기가 불편합니다. 1. 주차장에 개 똥이 너무 많아서 주차장 근처에만 가도 개똥 냄새가 진동합니다.주차장 앞편 우리 미용실과 경북여인숙 등에서 키우는 2-3마리 개들 및 동네 개들이 다 그 주차장에서 똥을 싸놓고 갑니다. 제가 그 광경을 몇번이나 발견했는지 모릅니다. 오죽하면 그 개가 어느 집으로 들어가는지 까지 확인을 했겠습니까.주차장에 가보시면 개똥이 천지여서 주차장에서 차를 대고 내릴때, 신발에 밟힌 적도 있고, 차 타이어에서도 냄새가 날 정도입니다. 아주 동네 주민들이 대 놓고 그 주차장에 개들을 풀어놓는것 같은데.. 참다참다 민원을 올립니다. 공영 주차장인 만큼 개똥을 치우지 않았을 때 벌금을 물린다는 표지판 정도는 세워져야 하는 것이 아닌지요. 기본이 지켜지지 않은 만큼 경고 표지판은 필요하다고 봅니다. 더 이상 방관하고 있을 수가 없습니다. 비라도 오면 냄새가 더 납니다.2. 주차장 근처 잡풀과 꽃밭에 대한 관리가 처음과 달리 잘 되고 있지 않습니다. 꽃밭을 관리하는 사람도 안 보이고 폐기물 및 잡자재가 주차장 근처에 널려 있는데 미관상 좋지 않고, 이용하는 사람 입장에서도 불편합니다. 주차장에 잡풀이 엉성함. 큰 세금을 들여 설립한 공영 주차장인 만큼 깨끗하게 관리되어 부안에 좋은 이미지를 심어줄 수 있도록 지속적인 관리 부탁드리며, 이용하는 주민에게도 혐오감이 들지 않도록 현재 쌓여져 있는 묵은 개똥을 깨끗이 처리하고, 근처 개를 키우는 주민들에게 각성할 수 있는 개똥 금지(벌금형) 표지판을 세워 앞으로도 깨끗하게 관리될 수 있도록 조처를 요청드리는 바입니다. 현장 확인하시어 조속 조치될 수 있도록 부탁드리며, 향후 본 민원 처리 계획에 대한 조처 계획을 안내하여 주시기 바랍니다. 감사합니다.",2017-07-05,,2017-07-12,친환경축산과,처리완료,강남대로34길
88,함열 버스,대학로에서 함열까지 가는 저녘시간 때 버스를 늘려 주셨으면 합니다.조별과제나 개인적인 일이 있을 때에는 대학로에 있다가 함열 가는 버스를 타는데1시간이나 기다려야 되는 경우가 있습니다. 그 때마다 불편함을 겪고 있었습니다. 버스 다니는시간을1시간보다는 20~30분으로 줄여서 기다리는데 불편함을 겪지 않도록 대학로에서 함열 가는 저녘버스가 많았으면 합니다.,2017-05-22,2017-05-22,2017-05-26,교통행정과,처리완료,강남대로51길
89,하나로 횡단보도 led등 연장점등부탁드림니다.,안녕하세요..어양동 근린공원 앞쪽 하나로 삼거리의 하나로 을 위한 횡단보도가있습니다.저를 비롯한 저희 직원 몇분이 퇴근후 새벽 1시~1시 30분 사이에 그 횡단보도를 통하여하나로 횡단을 하고있는데 횡단보도 보행자를 위한 led등이 꺼져있어 멀리서 오는 차량이보행중인 사람 인식이 어려운것 같습니다.근본적인 문제는 새벽시간대의 차량 과속이 원인이긴 하지만저희는 보행시 많은 위험을 느끼게 됨니다.led등이 없으면 모를까 설치되어있으니 좀 늦은시간까지 켜주셨으면 감사하겠습니다. 그리고 추가로 하나로도로상 e편한세상에서 익산초등학교 등하교시 과속에의한 학생들의안전을 위해 과속단속 카메라가 설치되는것으로 알고있었는데... 미뤄지기만 하고 설치가않되는것 같아 문의드림니다.과속 단속 카메라 설치 진행상황도 같이 답변 부탁드림니다.,2016-03-30,2016-03-30,2016-04-01,교통행정과,처리완료,강남대로6길
90,(SPP-1703-2901345)예술회관 가로등 꺼짐,전라북도 부안군 부안읍 서외리 455-41예술회관 가로등 꺼짐,2017-03-29,,2017-04-05,문화체육시설사업소,처리완료,남부순환로354길
91,(SPP-1710-1100267)불법현수막 제거요청 * 첨부파일촬영시간 안내(안전신,전라북도 부안군 부안읍 동중리 227-9불법현수막 제거요청*  *(1/1) G: 2017/10/11 13:19:41G:*,2017-10-11,,2017-10-16,부안읍,처리완료,남부순환로354길
92,마을표지석이동건,무풍면 금평리 부평마을 마을표지석으로 인해 저희 집 화장실쪽으로 표지석이 그 무게때문에 기울어지고 담장도 무너져 내려서작년부터 이장님과 면사무소에 민원을 청원하였으나차일피일 해준다는 말 뿐 실행되지 않아 군수님께 이 글을씁니다절차에 따라 일을 원활히 하고 싶었으나 이렇게 글과 사진을 올립니다조속한 해결을 부탁드립니다,2018-08-21,2018-08-21,2018-08-28,자치행정과,처리완료,바우뫼로
93,익산유기동물보호소,sns유기동물 공고 관련하여 시정조치 부탁드립니다.반려동물 인구 천만시대입니다.많은 반려인들이 유기동물 공고에 얼마나 관심이 많으며 안쓰러워하는지 아시나요?물론 마구잡이로 버린 인간들 잘못이지만 누군가에게 자식처럼 사랑 받을수 있는 아이들입니다.수당제도?이런 글도 올라오는것 같은데 함부로 유기동물을 대하는 자세는 아닌것같네요.앞으로 예의주시 할 겁니다. 공고 끝났다고 칼같이 안락사 시키는 그런 곳하고는 다르길 바라며..동물을 진정으로 사랑하는 사람이 보호소를 운영하셨으면 하구요 지금 심장이 터질것 같지만 이쯤에서 끝내도록 하겠습니다.,2016-11-09,2016-11-09,2016-11-10,축산과,처리완료,서초대로
94,(SPP-1801-2300169)줄포면 하수관거 사업을하면서 나오는 폐석재들을 마을입구,전라북도 부안군 줄포면 줄포리 786-5줄포면 하수관거 사업을하면서 나오는 폐석재들을 마을입구에 적재해 협소한도로에 주민들 교통불편과 미관상좋지않으며 적재하면서나오는 분진과소음 때문에 주민들불편이 이만저만이 아님.이로인해 해당기관에 민원을제기해 2017년12월30일까지 비워주기로 했는대 아직까지 이행대지 않아 주민불편이 많음.*  *(1/4) G: 2018/01/23 13:46:17(2/4) G: 2018/01/23 13:46:10(3/4) G: 2018/01/23 13:45:30(4/4) G: 2018/01/23 13:44:51G:  *,2018-01-23,,2018-01-31,맑은물사업소,처리완료,신반포로15길
95,불법 묘지 설치,1. 묘지설치 주소 : 전북 부안군 동진면 증산리 122-62. 민원제기 1) 남의 토지를 침범하여 묘지를 설치함에 따라 해당 묘지를 철거요청 - 민원제기된 자의 토지에 무단으로 길을 만들어 묘지를 설치함. * 침범한 토지주소 : 전북 부안군 동진면 증산리 122-3 2) 묘지로 드나드는 입구 남의 땅을 무단으로 점령하여 길을 만들고 이를 점점 확장하고 있으며 최근에는 주변의 나무를 잘라 남의 토지에 그대로 방치해두는 후안무치 행위를 지속적으로 행함.(2018년 2월 19일 확인함) 3) 묘시설치 허가유무 확인 : 묘지설치한 행위를 한자의 땅인지 확인되지 않으나 묘지허가를 득하지 않은 것으로 이웃주민의 의견이 많이 이에 대한 확인을 요청함. 4) 본인 토지에 심겨져있던 묘목이 길을 만드는 과정에서 유실되어 재산상의 손해가 발생함. 따라서 해당행위를 현장에서 확인하시어 적법한 절차를 통해 토지를 원상복구를 해놓음과 동시에 침해되었던 사유재산의 손실에 대한 행정처분을 요청합니다.,2018-02-21,,2018-03-02,주민행복지원실,처리완료,효령로5길
96,(SPP-1703-2200857)발이빠질우려가있습니다,전라북도 부안군 진서면 운호리 393-20발이빠질우려가있습니다,2017-03-22,,2017-03-28,진서면,처리완료,독서당로40길
97,민원신청,민원내용은 첨부파일에 있읍니다,2018-06-14,,2018-06-22,건설교통과,처리완료,마장로
98,시내버스 갑질에 대하여...,금일 9/17일 오후 시내버스 36번 에서 일어난 일에 대하여 몇자 적고자 글을 올립니다저희 아이가 이제 중1년에 입학하여 BUS 통학을 시작한지 이제 어느덧 2개월 가량 지났는데금일 버스에 대략 60살 정도 되시는 아주머니가 탑승하였는데 수레에 배추를 싣고 버스를 탔다고 합니다.그런데 버스 기사분이 급출발 급정거 하는 바람에 그만 수레가 넘어졌다고 합니다.넘머진 카트를 아이가 함께 다시세우고 아주머니가 하차 하시며 한말씀을 기사 분에게 하시고 약간의말 싸움을 하고 하차하신 모양인데 이에 버스 기사분은 분이 풀리지 않았나 옥셜을 하셨다고 합니다.주된 내용을 요약 하면아주머니 : 운전을 험하게 하시네요운전기사 : 머가 허마냐아주머니 : 이거 화물차도 아니고....( 아주머니 승강장 하차완료후 )운전기사 : 시발 시발 지랄하고 자빠졌네  태워주면 주는데로 탈것이지 말도많네그후 혼자 분에 못이겨 급출발 급정지...안전에 대한 불안함때문에 손잡이를 꼭붙잡고 있었다고 합니다이제 중1의 눈으로 본 오늘의 하교길 모습이랍니다.과연 자라나는 청소년의 눈에 보인 모습이 정당한 우리 문화 우리의 이웃의 모습인지 다시한번 생각이 드네요 요즘들어 개인 차들이 많아져 대중교통이 활성화가 되지 안겠지만 강자 들이 과연 대중교통을 이용하리 만무하게지만은 아직도 약자들은 없어서는 안될 교통수단입니다버스는 이런한 필요성때문에 운행 되는것이 아닐까요 내가낸 소중한 세금에 일환으로 운행되는 버스가 과연시민들의 갑질의대상이 되어서는 안되리라 생각 합니다.버스 운송 회사와 익산시 담당 공무원 버스 기사님들의 인성 교육에 각별히 신경을 써주시기 바랍니다.너와 내가 아니라 우리가 잘사는 도시를 만드는건 서로를 위하고 존중하는 마음이라 생각이됩니다익산에서 중학생 아버지 올립니다...,2018-09-17,2018-09-17,2018-09-20,교통행정과,처리완료,성수이로10길
99,익산유기동물보호소 관련,익산시 유기동물 보호소에서 올라온 사진들을 보고 경악을 금치 못했습니다 진정 유기동물 보호소가 맞나요?사진들을 봤을 때는 개장수로밖에 보이지 않습니다 사진으로 드러난 문제들을 제외하고도 직원들 급여지급 방식으로 인한 여러 문제가 있는 것으로 알고 있습니다시보호소인만큼 문제들을 빨리 시정하여 보호소다운 보호소가 되어야 합니다,2016-11-09,2016-11-09,2016-11-10,축산과,처리완료,청계천로10가길
100,눈때문에,우린 익산시 신용동 824번지에 살고 있습니다.이번눈을 통하여 지난해 집앞에 농수로 복구공사를 마친후 일어난입니다.다름이 아니라 농수로 복구공사를 하면서 집앞 농수로가 지나가는 앞 우리집 대문앞의 턱을 높여놔서 이번 폭설이 내렸을때 대문앞의 눈을 쓸어서 넘길수가 없어서 애로사항이 많았습니다.농수로가 흘러가면 위험하다하여 턱을 높였다는데 눈이 오지 않아도 여러가지로 불편합니다.눈이 왔을때 내집앞을 쓸어서 눈을 어떻게 처리할수가 없었습니다농수로가 흘러가는 부분을 집앞만이라도 덥개를 하여서 사람이 살고 있는집을 편리하게 사용할수 있도록 선처 부탁합니다.또다시 이런 눈사태나 또 차량들의 턱을 깍아먹을수 있는 높은 턱을 정리하여 쾌적한 삶을 살수 있도록 보수하여 주시기 바랍니다.,2016-01-27,2016-01-27,2016-02-11,도로관리과,처리완료,인촌로27길
101,별장한증막에서 나무를태워요,영등동 별장한증막에서 나무를 태웁니다 밤낮없이 시도때도없이 마구 태웁니다 2년째 창문도못열어요 새벽에 나가먄 무슨 연막탄뿌린것마냥 심각합니다아주 제발 굴뚝을세우거나 뭐 어떻게든 시정조치좀 부탁드립니다 x같아서 못살겠어요,2017-09-28,2017-09-28,2017-09-29,청소자원과,처리완료,강동대로
102,다자녀 혜택 확대해주세요,안녕하세요. 저는 익산에 거주하지만 직장이 전주라 출퇴근을 하고 있는데 아쉬운점이 있어  건의드립니다. 익산은 별도로 3자녀이상에게 혜택을 주는 다자녀카드가 없더군요. 전주를 예를들면 다자녀카드를 시에서 별도로 운영하여 시에서 운영하는 각종 체육시설과 문화시설 이용에 감면조항을 두고 지원하고 있습니다. 익산에도 부송동에 있는 문화체육센터를 확인해보니 다자녀는 감면 조항이 없더군요. 기왕에 익산도 인구 늘리기 정책이나 출산장려 정책을 추진하고 있는걸로 아는데 다른 지자체 사례를 좀 참고하셔서 다자녀카드 발급과 각종시설 감면 등 보다 적극적인 행정을 부탁드립니다. 제정이 많이 소요되지는 않는것 같은데 필요하다면 조례개정이라도 해서 적극 추진 부탁드립니다. 소수지만 시민이 정말 필요한 정책이지 않으까 합니다.일도 많으시겠지만  전주로 주소이전도 생각해본 3자녀 아빠로서 안타까운맘에  건의드립니다.,2018-09-17,2018-09-17,2018-09-21,여성보육과,처리완료,삼학사로13길
103,부안농어촌버스에 대한 문의,"부안-향토사병, 요청농어촌버스(주)부안여객 구간요금 알려주새요.",2017-10-31,,2017-11-07,건설교통과,처리완료,삼학사로13길
104,부송도서관 소나무 숲내 경작,"부송도서관 인근에 사는 주민입니다. 가끔 도서관을 이용하기도 하고요.부송동서관과 부영5차아파트 사이에 소나무 숲을 보면 그안에 갖가지 농작물이 재배되는걸 볼 수 있는데요. 그때문인지 소나무도 잘 안크는거 같고, 날파리등 벌레도 잘  꼬이는거 같아요. 그리고 무엇봐보 경관을 헤치네요. 사유지가 아니라면 단속을 해주시기 바랍니다. ",2018-05-22,2018-05-22,2018-05-24,도로공원과,처리완료,성내천로
105,익산시 전기차 및 전기차 충전소 문제,"안녕하세요. 익산시민입니다.익산시는 왜 전기차 관련 대응을 실시하지 않는 것인가요?예를들어 전기차 보조금혜택도 전무하고, 전기차 충전소 관련 법안 대응도 미비한것 같습니다.2017년 녹색환경과 예산서를 보면02 민간자본사업보조(이전재원) 220,000 0 220,000○ 전기자동차 민간보급 20,000,000원 * 11대이와 같이 나와있습니다. 이것이 전기차 보조금에 관한것인것 같습니다. 익산시민 중 11명을 선정하여, 한명당 2천만원씩 지원한다는 말이 맞는지요?답변부탁드립니다.(만약에 제가 해석한것이 맞다면, 이것은 너무 극소수에게 큰 혜택을 주는것이 아닌가요?차라리 다른 시도지역과 같이 5백만원씩하여 40명이상의 사람에게 골고루 혜택을 주는것이 좋은 방법 아닐까요?) 그런데 전기차 충전소 관련해서는 예산이 책정되어있지 않은것으로 보아 충전소 설치는 없을 예정인것 같습니다맞는지요? 답변부탁드립니다.(충전소 관련하여 다른분들이 질문한 내용에도 환경부에 20개 넘는곳에 설치할 수 있도록 신청해두었다. 라고만 답변하셨습니다.이러한 두루뭉실한 답변 말고, 중장기적으로 몇년도까지, 어느위치에, 몇개이상, 그리고 그 예산으로는 이 정도를 책정하였다. 라는 구체적인 답변을 부탁드리겠습니다.) 얼마전 법안으로 상정된 500세대 이상 단지의 전기차 충전소 설치 의무화 법안 같은 경우를 보아도전기차 시대로 탈바꿈하기 위해 많은 재정적 지원과 인프라구축에 신경써야 합니다.소 잃고 외양간 고치는것이 아니라, 도둑이 들어오기 전에 외양간을 튼튼하게 만들어야 합니다. 녹색환경과 공무원분들의 노력을 비하하고자 이런 글을 쓴것이 아닙니다.다른 시도지역에서는 발빠르게 대처하여 전기차를 구매해도 되겠구나 라는 인식을 심어주는 반면에익산에 살고 있는 저는 `전기차를 사야되나..말아야되나..`이런 고민에 빠져들게하고,심지어 전기차 산다고하면 바보라는 소리까지 주변에서 듣습니다.이것은 익산시 전기차 관련 정책의 문제도 있는것 같아서 이렇게 글을 남깁니다. 관련 정책 및 예산을 수립하고 집행해주시기 바랍니다. 전기차 시대는 머지 않았습니다.익산시 공무원 분들의 발빠른 대응 부탁드립니다.미리 감사합니다.",2017-07-24,2017-07-24,2017-07-28,녹색환경과,처리완료,성내천로
106,(SPP-1703-3000616)하천 펜스 파손 안전사고 우려,전라북도 부안군 줄포면 줄포리 334-30하천 펜스 파손 안전사고 우려,2017-03-30,,2017-04-07,안전총괄과,처리완료,성내천로
107,인도가 훼손되었습니다.,: 전라북도 부안군 부안읍 봉덕리 553-13인도가 돌출되어 보행자의 안전이 걱정되오니 보수부탁드립니다.-------------------------------------------------------------------------------------------------------------------------○ .02BAF30E-877C-48D5-AA7E-3990CD843484.jpeg,2018-03-23,,2018-03-30,푸른도시과,처리완료,양재대로
108,[생활불편신고]불법 주차,<불법주정차> 정차가 아니라 주차입니다 횡단보도 사거리에 주차했습니다[  : 터미널사거리 투썸앞 ] (1/2) G : 2017.08.22 18:58:49 (2/2) G : 2017.08.22 19:29:05 A :  : I :   [ (02-2195-1127~28)],2017-08-22,,2017-08-29,건설교통과,처리완료,잠실로
109,신동 767-4번지 도로 패임,신동 767-4번지 청담빌 건물앞에 수도관 공사 후 도로가 패인후 그대로 방치중입니다. 비가와서 물이 고인 후 차가 다니면서 물이 건물 및 창문으로 튀어 지저분해져서 매번 치우고 있으나 해결이 되지 않아 민원 넣습니다.해당 게시물이 '부조리 신문고'에서 이동 되었습니다.,2016-03-09,2016-03-09,2016-03-29,하수도과,처리완료,중대로
110,도로무단점용(소사료용 롤 적치)으로 인한 시야차단 교통사고 위험지역 개선요청,"1. 지역 : 전라북도 부안군 백산면2. 구간 : 외거삼거리-지운로-평교교차로 부근(1.0km 3. 적치 : 소사료용 대형롤 수십개 적치4. 개선 : - 오곡마을길 진출입시(차량, 농기계 등) 시야 차단 교통사고 위험 장소인만큼 즉시 운반조치 요망 - 교통사고시 관련기관(부서) 책임 예상5. 답변시 행정사항 처리사항 통보 요망 : 도로점용 부과여부, 처리장면(전/후)",2018-06-04,,2018-06-12,백산면,처리완료,중대로
111,카페 위생 불량 제보,안녕하세요 추운 날씨에 고생이 많으십니다.다름이 아니라 이번에 전북 익산시 익산대로68길 51 씨즈퍼스트 지하에 있는 카페 미술관이란 곳을 방문하게 되었는데그곳의 위생상태가 의심스러워서 글을 쓰게 되었습니다.매장 입구쪽에 계단 아래에는 쓰레기가 쌓여 있고 직원들이 그 곳에서 담배를 피고 손도 안씻고 음료를 만드는걸 봤습니다.고양이가 음료를 만드는 바 테이블위를 자유롭게 지나다니더군요자세히 안보면 잘 모르겠지만 사실 바닥에 고양이 털이 엄청 날립니다이러한 것들이 음료에 들어 가지 않을까 하는 걱정이 들어서 마시는 입장에서도 영 기분이 좋지 않더라구요. 매장 내에 고양이집이 있는데 여기서 나는 배설물 냄새도 상당하구요사실 이러다 보니 커피 머신을 제대로 청소하는지에 대한 의문도 생기게 됩니다.지하이기도 하고 환기도 잘 안될거 같고 위생상태가 여러므로 의심스러워서 글 올립니다.꼭 확인해 주시고 바로 잡을 수 있도록 부탁드립니다.,2018-01-03,2018-01-05,2018-01-08,위생과,처리완료,목동중앙본로20길
112,지방자치단체 홈페이지 게시판과 홍보방 활성화 방안,지방자치단체 홈페이지 게시판과 홍보방 활성화 방안,2018-09-18,,,기획예산과,처리중,오목로
113,지나친 한옥마을 상업화 시설(vr체험 프로그램문제 개선),지나친 한옥마을 상업화 시설(vr체험 프로그램문제 개선),2017-05-31,,,기획예산과,처리완료,오목로
114,서신동 (전라북도청 근처 테마파크 조성),서신동 (전라북도청 근처 테마파크 조성),2017-01-31,,,기획예산과,처리완료,오목로
115,페이퍼코리아 공장이전 관련 민원,-군산 롯데복합쇼핑몰출점저지 대책위원회-군산시 소유의 토지로 파악되는 토지는 공장이전과 함께 도시계획 변경이 이루어져 있습니다. 아래의 토지관련 각 지번별 부동산면적 소유권 이동내역 매매가격의 처리결과내역 및 재산변동내역을 건별로 공개하여 주시기 바랍니다.군산시 조촌동  447-2군산시 조촌동  472-4군산시 조촌동  472-8군산시 구암동  321-8군산시 구암동  321-14이상5건,2016-02-22,2016-02-22,2016-03-09,회계과,처리완료,오목로
116,긴급-추가사진~,"안녕하세요^^글올린지 몇일이 지났는데도 농경과, 환경정책과에서 아무연락이 없어서다시 사진추가올립니다.마을에서 말 분뇨버리는 사진입니다.아마도 자기집옆에서도 분뇨리어카를 끌고 나오는거보변은 자기집옆에도 말있는듯싶습니다.사진을 자세히 보시면 왼쪽은 자기집쪽에서 분뇨리어카를 끌고나오고오른쪽은 저희집앞의 마사에서 분뇨리어카를 끌고나오는사진입니다.참고하시기바랍니다.",2016-03-08,2016-03-08,,환경정책과,처리중,오목로
117,미장동 풍경채 쪽 가로등 켜주세요.어둡고 안보여요 밤에,"미장동 풍경채 쪽 가로등은 설치가 되어 있는데밤에 불을 안켜주시네요~켜주시면 운전하기도 좋고 길 걸어다니기도 좋을 것같아요가로등 설치하신건 좋으며,켜주시길 바랍니다. ",2016-06-24,2016-06-24,,도시재생과,처리중,오목로
118,합법을 가장한 보복성 지도점검 의혹,시장님! 이런 일이 있습니다.,2016-07-17,2016-07-17,,어린이행복과,처리중,오목로
119,송정써미트 분양,송정회사는 5년이 지나면 분양받을 수있게  해줘야되는데 아직도 분양을 하지 않고있습니다.   하루 빨리 분양받을 수 있게 도와주세요.,2017-10-11,2017-10-11,,주택행정과,처리중,오목로
120,비피해 대책마련좀 해주세요..제발...,"조촌동 경포초옆에서 학원을 운영하는 중입니다. 매년 비가 올때마다 피해를 입었습니다.벌써 몇년째 비만 오면 학원내부로 들어오는 비를 퍼내야 되고 집기들을 바꿔야 했습니다.올해는 7월말 내린 비로 건물주변 도로가 종아리까지 잠겼습니다. 내부로 빗물이 차 퍼내는데또 내려서 또 퍼내고를 3번을 반복해야 했죠... 지칠때로 지쳐 몸도 마음도 힘들때동사무소가서 피해신고를 하라더군요. 그런데 담당직원이 없다고 서류작성하고 가라며 다른 직원이 하는말이매번 그렇게 비피해를 당하면 대책을 마련을 해야지 마냥 그러고 있으면 되냐고,,,,,,,!!!!어이가 없었습니다. 도로가 잠겨서 건물이 잠기는걸 어떻게 대책마련을 해야되는건지......며칠간 밥도 제대로 못 먹고 물퍼내느라 온몸이 아프고 잠도 제대로 못잔 피해입은 주민에게 할말인지.....암튼 그 이후 군산시에서는 더이상 움직일것 같지 않고 해서 보기에 흉하더라도 문을 올려서 달고 계단을 만드는 공사라도 해야했죠 이 비용만해도 300만원넘게 주고 했어요.학원내 집기며 뭐며 바꾸는데도 100만원이 넘었구요.그뒤로 한참 비가 안오길래 끝인가했는데 원망스럽게도 태풍솔릭이 온다해서 며칠을 또 밤을 지새웠죠..다행이 그냥 조용히 지나가나 했는데 8월말 정말 많은 비가 만조시간에 겹쳐서 오기시작했죠..그날도 역시 잠못자고 계속 왔다갔다하며 지켜봤는데 새벽3시부터 이미 종아리까지 도로가 차올랐어요.학원차량들도 다 다른곳으로 옮겨놓고 보니 허벅지까지 물이 차오르는데 문을 옮겨서 올려 달았는데도넘치게 비가 오더라구요... 그렇게 7시가까이까지 물이 차있고 그날은 금요일 결국 학원운영은 못했습니다.이렇게 반복되다보니 학원생도 반토막나고 우선 필요한 곳 먼저 물퍼내고 주말내내 정리하고나니월요일부턴 그나마 수업이 가능했지만 아직까지도 정리중이고 벽면이나 책꽂이에 스며든 물기때문에곰팡이가 자꾸 피어나고 매일 환기를 시켜도 소용이 없는듯 합니다.결국 내부도 벽면이랑 공사를 다시 해야되는 상황입니다. 그런데 이번 피해에는 위로금마저도 안나온다고 해요일년에 한번밖에는 지원이 안된다고... 뭐 이런 정책이 있는지... 일년에 한번 피해입은것도 억울한데 두번식이나피해를 입은것도 힘든데 위로금마저도 안나온다고 하니 정말 실망스럽더라구요.비만오면 잠도 못자고 내내 지켜봐야되는 것도 그렇고 사람사는게 아니예요...주변 온동네 빗물이 저희 학원건물앞으로 모이는건지 만조때 비만 오면 하수구가 이미 막혀서물이 그래도 고여 도로가 잠겨버립니다.대책마련해달라고 시의원이고 동사무소고 다 얘기해봐야 기다려달라고만 합니다 그게 벌써 7년이 다되가네요그냥 땅만파서 똑같은 하수구관묻고 덮어서 예산낭비만 하지말고 진짜 대책마련 좀 해주세요비만 오면 정말 힘들어요.. 학원운영에만 전념해도 요즘같은때 군산 정말 힘든데... 몸도 마음도 너무 힘듭니다.위로금도 일년에 한번밖에 지원이 안된다는 것도 위로금이라는 명목만 있지 도움이 안되네요 ㅠㅠ실망스럽고 더이상 기다리라는 말은 참기가 힘듭니다.... 군산시를 상대로 소송이라도 걸어야 될까요...언제까지 참고 기다리기만 해야되는건지... 제발 비오는 날도 맘편히 살게 대책마련좀 해주세요",2018-09-12,2018-09-12,,하수과,처리중,오목로
121,도로 상황개선에 대해,"안녕하세요.저는 이리자선원에 근무하고 있는 전윤희입니다.다름 아니라 자선원 직원 및 자선원을 방문하시는 모든 분들이 매일 같이 위험천만한 상황에 놓이게 되어 말씀드립니다.사진으로 보이는 곳은 이리자선원 동문입니다.그런데 동문은 바로 50km로 달리는 도로와 연결되어 있습니다.신동 및 영등동쪽에서 오는 차량은 중앙선에 의해 자선원 진입을 할 수 없습니다. 그리하여 아침마다 위험한 곡예운전이 벌어지는 경우가 종종 생깁니다.또한 도로 바로 옆은 농수로가 있습니다. 사진으로 보시다 시피 다리 양쪽은 안전장치가 없습니다.인지능력이 떨어지는 생활인분들의 안전 및 편의를 위해 동문쪽 도로에 안전을 위한 추락사고방지 휀스보강, 과속방지턱, 백색점선으로 변경등을 고려해 주시면 감사하겠습니다. ",2018-08-14,2018-08-14,2018-08-16,교통행정과,처리완료,오목로
122,동장님에게도 도서관 불법운영을 막을 권한이 있답니다,"오늘 어양작은도서관 운영자의 불법 운영에 대해 해결책을 듣는 자리에 참석하였습니다. 하지만, 동장님께서 이렇다 한 말씀이 없으시기에, 민원을 제기한 것 알고 계시는지 질문을 드리고, 정확하고 성실한 답변 부탁드린다는 말을 전했습니다. 동장님께서 주민자치위원회에서 하는 일이라, 관리감독을 할 수 없다는 말씀을 또 하시더군요.현재 어양작은도서관 운영자와 주민자치위원회에서 수익자 부담은 불법이라는 명목을 내세워 문화예술프로그램을 폐강시켰습니다. 하지만, 시립도서관 관장께 문의한 결과 수익자부담은 불법이 아니라는 사실을 밝혀졌습니다. 동장님께서는 이런 사실을 알고 있지만, 이렇다 할 해결을 하실 수 없다는 말씀을 하셔서 안타깝기만 했습니다. 정말 동장님께서는 도서관 운영자와 주민자치위원회의 도서관 불법 운영을 막을 길이 없는 것일까요. 동장님을 돕고자, 익산시 주민자치센터 설치 및 운영에 관한 조례를 살펴보았습니다. 동장님께서 동정을 올바르게 이끌만한 권한이 충분히 명시되어 있는데, 왜 모르실까요.제 20조에 의하면 동장은 위원 및 고문이 자치센터의 운영취지, 목적, 기능 등에 반하는 행위를 하였을 경우, 그밖에 위원이나 고문으로서 직무를 게을리 하였거나 직무를 수행하기가 어렵다고 판단되는 경우 임기 전이라도 해촉 할 수 있다고 명시되어 있습니다. 제 17조에는 동장은 봉사정신이 투철하거나 자치센터의 운영에 필요한 전문지식을 갖춘 자를 위원으로 위촉하여야 한다는 것과 전문적 식견을 갖추었거나 덕망이 높은 자를 고문으로 위촉한다고 명시되어 있습니다. 제 18조에는 위원은 자치센터 운영에 대한 주민의 의견을 수렴하기 위하여 노력하여야 하며, 자치센터 운영 등과 관련한 각종 교육&middot;연수 등에 적극 참여하여야 한다고 되어 있습니다. 이 조항만 보더라도 동장님이 얼마든지 도서관 불법 운영하는 것을 막을 수 있는 권한이 있는데, 왜 그 권한을 사용하려고 하시지 않으실까요.사실 주민자치위원장님과 도서관운영위원장님이 동석하여 개선책을 듣기로 하는 날 저희가 위원들에게 들었던 말은 다들 생업이 있어 바쁜 데 어떻게 일일이 신경을 쓸 수 있느냐, 잘하고 있는 줄 알았지 이렇게 하고 있을지 어떻게 알았겠느냐, 운영자는 정말 잘 하고 있다, 소통하려고 간 주민들에게 나하고만 싸웁시다, 공무원들은 이 문제에 대해 다 빠지라고 했다, 수익자 부담은 불법이니 더 이상 개설할 수 없다 등등의 말밖에 없었습니다. 특히 주민의 의견을 수렴하고 노력하기 보다는 위원님들의 입지를 강화한다는 느낌이 더욱 컸지요. 민원을 제기한 주민들을 꾸짖는 것은 물론이고 버럭버럭 화를 냈으니까요.이런 분들이 봉사정신과 덕망 있는 분들일까요. 주민들의 의견을 수렴하시는 분들일까요. 지금 위원장은 6개월 까지만 해도 주민자치위원 고문이었습니다. 조례에 따르면 결국 그런 분을 동장님께서 위촉하여 어양동 주민들이 불편을 겪고 수모를 당하는 것이겠지요. 주민들은 즐겨하던 문화예술 프로그램도 포기해야 하고요.17조 6항에 보면 동장은 고문을 포함한 위원 전원에 대한 주요 인적사항을 매년도 개시 1개월 이내에 공고&middot;게시 등의 방법에 의해 일반 주민에게 공개하여야 하며, 고문을 포함한 위원을 새로이 위촉한 경우에도 주요 인적사항을 같은 방법에 의해 즉시 일반 주민에게 공개하여야 한다고 명시되어 있는데 왜 공지를 안 하셨을까요.제10조에 보면 위원회가 징수한 &ldquo;수강료&rdquo;에 대해서는 위원회가 동장과 협의하여 자치센터의 운영에 필요한 경비로 사용하여야 하며, 그 수입&middot;지출내역을 반기별로 반기경과 후 20일 이내에 공고&middot;게시 등의 방법에 의해 일반주민에게 공개하여야 한다고 되어 있습니다. 하지만, 어양동은 2015년 상반기 주민자치센터 프로그램 수강료 수입 및 지출내역을 공개한 후, 2016년 2017년 수입과 지출내역은 주민들에게 공개하지 않았습니다. 왜 일까요. 분명 조례에 의하면 동장님의 일인데 하시지 않았던 것일까요.어양작은도서관의 불법 운영을 개선 대책을 마련하면서 잠도 못자는 날이 많았지만, 제 인생에 이처럼 끊임없이 물음표가 던져진 적은 없는 듯 합니다. 더 이상 도서관불법운영 권한이 없다고 동장님 말씀하지 마세요. 동장님께서는 어양작은도서관 불법 운영을 해결할 수 있는 충분한 권한을 가지고 계십니다. 입장을 분명하게 밝혀주시기를 부탁드립니다.익산시민은 물론이고, 바람직한 행정질서에 관심이 있는 젊은이들과 함께 이 문제를 다각적으로 분석 검토 법률적 해결방안을 연구하고 있으며, 학문적으로 발전시키기로 뜻을 모았습니다. 그러니 책임 있고 성의 있는 답변 부탁드립니다.",2018-08-01,2018-08-01,2018-08-08,어양동,처리완료,오목로
123,가로등 때문에 민원넣었었는데,6월28일에 가로등때문에 글 작성했습니다.그때 당시 7월 3일까지 조치해주신다고 답변만 해주시고 아무조치가 없네요?글 확인해 보시고 조치부탁드립니다. 6월 28일 작성 글이고요 검색해보시면 뜰겁니다.,2018-07-29,2018-07-29,2018-07-31,건설과,처리완료,오목로
124,"시장님, 재능봉사자의 인격 훼손 막아주세요","시장님께어양동작은도서관 운영자가 &lsquo;책친구&rsquo; 이후 연계활동이 이루어져야 도서관 평가와 자신에게 도움이 된다고 하며, 저에게 동아리 대표를 맡아 달라고 간청해서, 지난 1월부터 재능기부를 하였습니다. 그런데 갑자기 5월 1일에 강의료를 주고 싶다면서, 강의료가 조금밖에 되지 않으며, 만약 받으려하시다면, 챙길 서류가 복잡하다고 하더군요. 처음부터 강의료를 받고 하려던 것이 아닌 재능기부로 시작했기 때문에, 여러 번 강의료를 들먹이면서 저를 희롱하는 것 같아서 불쾌했었습니다.5월 18에 저에게 일지를 작성하라고 하면서 그 동안 자신이 대신 써주었다면 온갖 생색을 다 냈습니다. 한 번도 동아리 일지에 대한 얘기가 없었는데, 그런 말을 해서 놀랐습니다. 제가 써야 하는 일지를 왜 운영자는 대신하여 그동안 썼을까요. 5월 25일에 일지를 쓰려고 하는데, 5월 첫째 주부터 쓰라고 하더군요. 일지는 그 날 그 날 쓰는 것이 아닌가요.더욱 이상스런 일은 동아리 활동일지가 아닌 지도강사를 선정해서 운영되는 프로그램 일지를 쓰라고 한 것입니다. 저는 돈을 받고 수업을 진행하는 지도강사가 아니기 때문에, 지도강사 전용 서류에는 쓸 수 없으며, 동아리 활동 일지 서식이 준비되면 쓰겠다고 하였습니다. &lsquo;그러니까 강사료 준다고 했잖아요. 선생님이 싫다면서요&rsquo;하고 소리를 질렀습니다. 어처구니가 없어 더 이상 말이 나오지 않았습니다. 재능기부를 하면서 회원들과 이용자들 앞에서 막말을 들어야 하는가 싶어, 인격적인 모멸감을 느끼자, 견딜 수가 없었습니다. 우리 지역 의원님을 만나는 자리에서 자기가 왜 일지를 써야 하고 묻는 사람이 있다는 말을 서슴없이 하였습니다. 그것은 사실이 아닙니다. 저는 몇날 며칠이고 잠을 이루지 못하고 많은 생각으로 밤을 새었습니다. 급기야 건강상의 문제가 생겨서 스트레스성 불면증이라는 진단과 함께 수면 처방을 받기 까지 했습니다. 불면증으로 인해 면역력 저하로 여러 가지 질병으로 현재 고생을 하고 있기도 합니다.또, 동아리 유인물을 복사하려 5월 10일에 방문하였는데 순회사서선생님이 운영자가 외출했다고 하고, 컴퓨터가 패스워드 설정이 되어 있어서 복사를 할 수 없다고 하였습니다. 5월 14일 캘리그라피 수업을 함께 받던 도서관운영자가 오히려 제에게 소리를 지르며 일본 여행 중인데 그 일로 전화를 하게 했다며 화를 냈습니다. 왜 운영자가 일본여행인데, 순회사서는 외출했다고 말을 했을까요.6월 25일 우리지역 시의원님과 면담이 끝나고 회원들 앞에서 저에게 즐겁냐며 말을 걸더니 &ldquo;나이값 좀 하세요. 선생님 흥분하셨네요. 아쿠 죄송해요. 죄송해요 라는 말도 꼭 좀 올려주세요&rdquo; 라고 하더군요. 정말 억울합니다. 재능기부자의 대한 인격 모독을 이런 식으로 해도 되는건가요. 그런 막말을 했던 이유에 대한 설명을 꼭 듣고 싶습니다. 사실 저는 어양동 동장님과 시립도서관 관계자에게 운영자의 막말을 비롯한 운영의 문제에 대해 개선을 부탁하였습니다. 동장님께서는 주민자치위원회 문제이며 권한이 없다는 말씀을 하셨고, 시립도서관 관계자는 이에 대한 관리감독 기능이 없다고 하였습니다. 주민자치위원회에선 도서관운영자가 아주 잘하고 있다고 하였습니다. 시장님만이 부조리한 도서관문제를 해결할 수 있는 유일한 분입니다. 이 민원을 꼼꼼히 살펴서 구체적인 해결책을 말씀해 주세요.익산시민이라면 교육을 받을 권리 행복한 권리를 보장하기 위해서 시장님께서 많이 노력을 하시고 있다는 것을 알고 있습니다. 하지만, 자칫 도서관운영자가가 재능기부자와 이용자에게 불손하게 대하고 막말을 한다며, 도서관을 이용하는 사람은 줄어들어서 도서관의 제 기능을 하지 못할 것입니다. 그렇다면 시장님께서 지키고자 하는 4가지 약속은 물거품이 되고 말 것입니다. 도서관의 운영자들의 자세와 운영의 일관성을 확립하여 시장님의 소중한 약속이 꽃 피울 수 있기를 간절하게 바랍니다.",2018-07-24,2018-07-24,2018-07-28,시립도서관,처리완료,오목로
125,배산 체육공원,더운 날씨에 수고 많으십니다.다름이 아니라 배산 체육공원이 금연구역 맞나요?건강 관리하러 공원 운동하러 가는데 매점 앞에 항상 흡연하시는 분들이 계시고 공원 청소 하시는 분들은 금연 푯말 밑에서 당당하게 담배를 피고 계십니다.산책로에서 담배를 피니 연기를 그대로 마시면서 산책을 해야되는 상황입니다.철저한 관리 교육좀 부탁드립니다.,2018-07-11,2018-07-11,2018-07-12,체육진흥과,처리완료,오목로
126,모현동 맨홀 당장 고쳐주세요,익산시 모현동 배산로24길 10-17 번지 앞 길가에이렇게맨홀뚜껑이 맨홀구멍으로 떨어져서 누가 임시방편으로 해놨습니다.13개월된 우리 아기가 뛰어가다가 거기에 하반신이 빠지고상반신은 간신히 나무에 걸쳐서 큰일을 면했습니다. 아직도 심장이 떨리고 우리 아기도 너무 놀라고 옆구리에 상처와다리에 상처가 났어요. 내일 아침에 바로 병원도 갈예정입니다.혹사나도 파상풍에 걸리진 않을까 너무 걱정입니다.이민원을 보시면 바로 맨홀고쳐주세요. 여기 뿐만아니라 근처의 모든 맨홀들이 아슬아슬합니다.이번엔 진짜 하나님이 도우셔서 상반신이 나무에 걸쳐져 살았지만이제 갓 돌지난아기가 그깊은 맨홀로 빠졌으면 정말 정말 아추 큰일이 날뻔했어요.어른키보다 깊고 아주 좁은 그구멍에 어른이 빠져서 큰일날거예요.꼭 바로 고쳐주세요. 너무너무 무섭습니다. 글을쓰는 이순간에도 눈물밖에 안납니다.와서 보시고 고쳐주세요. 또 다른아기가 혹은 어른이 다칠수있어요.꼭 꼭 바로 해주세요.,2018-06-15,2018-06-15,2018-06-20,하수도과,처리완료,오목로
127,글번호25346(보도블럭제초)에 대한 재등록,항상 시민들을 위하여 불철주야 고생하시는 익산시청에  근무하시는 모든  공무원 분들에게  감사함을 전해봅니다.    다름이 아니오라 지난 5월에  초에  25346 보도블럭 제초에 관한 내용을 올린적이 있습니다. 3일 후부터인가 10여명에 달하는 분들이 제초하는 것을 보았습니다.뜨거운 뙤약볕 아래서 땀방울을 흘리며 고생하시는 어르신들을 보고있노라니 가슴 한 편이 저려오기도 하였지요. 그런데 제초작업 결과는 오셔서 확인하여 보시면 알겠지만 제가 기대감이 너무 커서 일까요.  누가 보아도 잘했다는 표현을 쓰기는 어렵더라구요. 이왕에 하는것 조금 만 더 신경써서 하면 좋겠다는 생각을 하여 봅니다.저희 회사 주변과 미원상사 정문 반대편 시내버스 승강장 주위는 제가 다시 정리를 하고 있고 유광화확 정문쪽은 경비아저씨가 제초를 하고있고 엔씨 정문과 측면은 공사 후 정리를 하지않아 인도에도 흙등이 방치되어 있는 상태입니다.엔씨에 연락을 해서 인도에 방치되고 있는 잔해물을 정리하였음 좋겠고 어차피 인원을 투입하여 진행하는 제초작업을 좀더 심도있게 진행하였음 좋겠다는 의견을 제시하여 봅니다.참고로 사진을 2장 올려봅니다,2018-06-08,2018-06-08,2018-06-11,투자유치과,처리완료,오목로
128,쓰레기때문에...,예전에    깨끗이 치워주신점 감사드립니다..그런데 가도 가도...더 더러워지는  길거리.....ㄲ깨끗이 처리좀 부탁드립니다.위치는 모현동 1가 303-17번지 옆건물 주차장쪽입니다....그리구..가로등  전등이 안나와..골목길이 밤에 너무 어둡습니다.303-17번지(네일아트)옆 가로등 전등이 나간지 3일정도 되었습니다.,2018-05-19,2018-05-19,2018-05-21,건설과,처리완료,오목로
129,불법주정차신고합니다,부송동 농협 앞  도로변에 정차한 자동차 신고합니다,2018-04-26,2018-04-26,2018-04-26,교통행정과,처리완료,오목로
130,익산시 주현로 골목,익산시 주현로 골목은 사람도 별로 다니지 않는 도로라 엄청 무서운데 가로등마져 드문드문 있어서 너무 불편해요.   가로등이 더 추가되거나 경찰이 순찰을 돌았으면 좋겠어요. 가끔가다 술마시고 소리지르는 아저씨가 있었는데 그 아저씨가 계속 생각나서 집에갈때 무서워요.,2018-04-08,2018-04-08,2018-04-10,건설과,처리완료,오목로
131,성의없는 답변잘봤습니다.,"제 민원의 답변 잘보았습니다. 정말 실망스럽기가 짝이없습니다.지금 저뿐만아니라 다른 익산시민들고 미세먼지때문에 민원을많이 넣는걸로알고있습니다.그런데 답변이 모두 꼭같네요. 컨트롤브이 컨트롤씨~ 그건 저도잘합니다.!나라밥먹는공무원이시면 시민에게 보다 성의있고 답변을주세요지금 답변 주신 저감정책으로는 턱없이 부족한거 알고계시죠?타지역 지자체들은 발빠르게 대책을 내놓는데 미세먼지 전국1위 익산이 설마 이정도정책이 다는 아니겠죠?더있는데 서프라이즈하실건가요?? 그럼 밀땅하지마시고 언넝 꺼내놓으세요!하다못해 나무심기라도하세요!전주는 인도 옆에 작지만 나무숲이 많이 형성 되서 보기도 좋고, 차량의 분진도 직접 맡지 않아 좋던데익산은 지금 뭐하는겁니까? 미세먼지 저감정책에 반하는 정책들이 많지않나 검토하세요!그리고 중국에정말 빌딩만한 대형공기청정기가 세워진거는알고는 계십니까?미세먼지 저감에 굉장히 큰효과가있다고 알려져있습니다.우리나라도 익산이 시범으로 대형공기청정기세웠으면합니다!미세먼지 전북1위 익산은 충분히 의미있는 일이라고 생각합니다.이렇게 민원넣는것도 쉬운일이 아닙니다. 매번로그인하는단계도 복잡하고 시간을할애해야 하는일입니다.!얼마나 절박하면 이렇게 앉아서 민원을 넣고있겠습니까??보다 성실한 답변 기다리겠습니다.!",2018-04-06,2018-04-06,2018-04-12,도로공원과,처리완료,오목로
132,보도블럭 구합니다.,안녕하세요. 폐보도블럭을 구합니다.집 앞 마당에 깔아야 하는데 보도블럭이 있으며 연락 부탁드립니다. 기다릴께요.010-2156-9067,2018-03-06,2018-03-06,2018-03-07,도로공원과,처리완료,오목로
133,십자가탑 철거요청,"전라북도 익산시 부송동 1056-13번지 주다스림 순복음교회 대표 박경수(친족미성년자 성폭행범)에게 십자가 철탑 철거를 요청,계도 바랍니다.&lsquo;건축법시행령 제119조 제73조에는 건축물의 옥상에 설치되는 승강기탑&middot;계단탑&middot;망루&middot;장식탑&middot;옥탑 등의 면적이 건축면적의 1/8(주택법 제16조제1항의 규정에 의한 사업계획승인 대상인 공동주택 중 세대별 전용면적이 85제곱미터이하인 경우에는 6분의1)이하이면 12미터 까지는 건물의 높이에 산입하지 않는다&rsquo; 고 규정하고 있다. 또한 시설물의 안전 관리에 관한 시행령 제6조 (2,3항) 규정에 의하여 시설물 안점점검 시기는 다음과 같다.1. 정기점검-6월에 1회 이상. 2. 정밀점검-2년에 1회 이상. 3. 긴급점검-관리주체가 필요하다고 판단한 때 또는 관계행정기관의 장이 필요하다고 판단하여 관리주체에게 긴급점검을 요청한 때 교회는 기존에 세워졌던 십자가탑 대해 관계행정기관에 반드시 신고를 해야 하며, 앞으로는 십자가탑을 세우기에 앞서 행정기관에 먼저 신고 및 허가를 받은 후 합법적인 절차를 밟아야 한다. 십자가탑을 세울 업체를 선정할 때에는 허가를 받은 업체인지 반드시 확인해야 한다.십자가탑 시공 후 언제 일어날지 모르는 사고에 대비하여 전문업체에 의한 정기점검을 받고 철저히 관리하는 것이다.하루빨리 십자가 첨탑을 제조, 시공하는 전문 업체의 점검과 보수를 받을 것을 권고해주세요. 그리고 철거 요청해 주세요. 2. 정기점검 여부도 확인하지 않고, 불법으로 십자가탑을 2016년 9월 매매시부터 2차 시정명령 이후 2018년 2월 27일 오늘까지도 십자가만 떼어버렸을 뿐, 철골 탑을 그대로 세워놓았기에 그에 대한 긴급점검은 꼭 필요하다고 봅니다. 3. 과거 건축법의 적용을 받던 건축물의 낙하물방지망에 관한 규정이 산업안전보건공단으로 업무가 이첩되면서 지방자치단체의 공무원들의 단속 권한이 없어졌지만, 느슨해진 관리감독으로 지역민의 안전이 위협받고 있습니다. 태풍으로 인한 낙하사고로 인해, 인명피해가 생길 수 있으므로, 십자가 첨탑이 위험하진 않은지, 철저한 안전의식을 가지고 엄격하게 점검, 빨리 철거조치,계도 부탁 드립니다. 4. 안전보건공단에 따르면 2016년 사고재해자는 8만 2780명으로 이 중 낙하물에 맞은 사람은 7246명에 달했으며, 무너짐 416명, 깔림&middot;뒤집힘 2296명(12%) 사고사망자 969명 입니다. 낙하물 사고는 작은 자재 하나도 큰 인명피해를 부를 수 있으며 """"이를 사전에 근절하기 위해선 누구의 책임을 떠나 강력한 행정처분과 이행여부를 우선으로 해야한다""""고 봅니다. 빠른 계도,철거요청 바랍니다.",2018-02-27,2018-02-27,2018-02-28,주택과,처리완료,오목로
134,유기견보호센터 관리 관련,이야~ 메인뉴스에 크게 떠 있더니 이번에도 익산시네요.그것도 작년 큰 사건이 있었던 그 보호센터..이번에도 시청과 관계가 있구요.이로써 익산시는 동물학대 도시 오명을 쓰는 것이 아니라 오히려 명확히 공고되겠네요.왜 고발을 안하셨는지 상상은 되지만..이 오명 벗으실려면 꼭 수사의뢰 해주시길 바랍니다.,2018-01-31,2018-01-31,2018-02-02,축산과,처리완료,오목로
135,재설작업 해주세요,전주에서 오는데 삼례까지 재설작업이 되어있고재설차들도 바삐 움직이는데익산 들어서자 완전 빙판.늑장대응 아닙니까.작년 겨울에 비해 재설용 모래도 비치되지 않았습니다.신속히 처리바랍니다.,2017-12-11,2017-12-11,2017-12-14,도로공원과,처리완료,오목로
136,제23841 답변에 대하여,수고하십니다.파일로 올리옵니다,2017-10-16,2017-10-16,2017-10-19,주택과,처리완료,오목로
137,단독주택이 있는 곳과 공원에 쓰레기 분리수거 시설을 설치해주세요,"  어양동과 영등동 익산초등학교 부근 단독주택과 공원을 지나가고 있었는데 나무에 파란봉투가 묶여져 있었고 파란 봉투 안에는 쓰레기가 무분별하게 버려져 있었습니다. 또 주택가 골목에 종이, 플라스틱 쓰레기가 보기 싫게 내놓아져 있었습니다.  시청 관계자분께서는 단독주택이나 공원이 있는 곳에 쓰레기를 분리수거할 수 있는 시설을 설치해주세요.  왜냐하면 쓰레기 분리수거를 할 수 있는 곳을 만들면 쓰레기를 재활용할 수 있습니다.또, 분리수거를 하면 쓰레기를 재활용하니 쓰레기의 양도 줄이고 환경오염도 막을 수 있습니다. 하지만 쓰레기를 분리수거하는 곳이 없으면 쓰레기들이 섞여 악취가 심하게 날 것이고 쓰레기를 보는 것도 좋지 않을 것입니다.   아파트에는 쓰레기 분리수거시설이 있는데 단독주택과 공원에는 그런 시설이 없으니 누군가가 그것을 일일이 분리해야하니 힘들 것입니다. 그러니 쓰레기를 분리수거하는 곳이 있으면 누군가가 일일이 분리하지 않아도 되니 편리합니다.시청관계자분들께서는 단독주택과 공원이 있는 곳에 꼭 쓰레기를 분리하는 시설을 만들어 주세요. ",2017-09-29,2017-09-29,2017-10-03,청소자원과,처리완료,오목로
138,도로통행불변,"익산시 호암마트 앞 인도가 측량이 된것으로 압니다.그후에 호암마트에서 아예 인도에다가 물건을 내놓고 판매를 하더라구요그리고 호암마트 앞 인도에 주차들은 주차대로 다 되어있고,본래 인도라는 것은 사람들이 지나다니는 길인데.그앞에 판매를 하고 돌덩이를 막아놓고 주차가 되어있어시민은 도대체 어떻게 통행을 해야하는지 의문입니다.아예 인도가 존재하지 않는다고 보게됩니다.본인들 개인 이익을 위하여 인도를 없에는 것이나 마찬가지인데,그럼 저희 아이들은 차도로 통행을 하여야하는지,그 부분을 정확히 짚어주시고 익산시민을 위하는 길이 어떤부분인지조치를 취하여 주시기 바랍니다.그리고 측량을 하셨다면 측량결과를 보고확인할수 있도록 답변에 달아주시기 바랍니다.",2017-09-21,2017-09-21,2017-10-10,교통행정과,처리완료,오목로
139,음식물쓰레기,저희 친정엄마가 주택에 사시는데 음식물 쓰레기를 잘안가져가세요.화.목.토 이렇게 가져가는데 3번중에 한번만 가져갈때가 많아요.여름이라 냄새도 많이나고 파리도 많이 있고 그래요.친정집이 골목길 안에 있는데 큰길은 가져가는데 엄마쪽은 안가져가세요.한집만 내놔도 가져가야는거 아닌가요.많이 덥고 힘들고  그런거 아는데요.골목길도 잘챙겨봐서 가져가주세요.,2017-07-29,2017-07-29,2017-08-02,청소자원과,처리완료,오목로
140,대학생 전입 신고 장학금,안녕하세요저는 2월인가 3월쯤 익산으로 전입신고를 했어서7월달에 장학금을 지급받을 줄 알았는데저랑 같은 날에 했던 친구는 장학금이 오늘 들어오고저는 아직 지급이 안되있더라구요 확인부탁드립니다! 감사합니다.( 전입신고를 민원 24 홈페이지를 통해 하였으며 처리가 완료된 상태입니다!인터넷으로 신청하였다고 안되는건 아니겠죠 ㅠㅠ? ),2017-07-15,2017-07-15,2017-07-18,기획예산과,처리완료,오목로
141,도로 청소미흡,모현동 이편한세상앞 투다리  그옆 소방도로가청소가 이뤄지지않아  민원을 제기해몆일간 청소가 행해졌는데다시금 쓰레기가 난잡합니다담당 주무과님은 직접헌장에 오셔서  확인하시고다시는 이런 민원이  야기되지 않게철저히 시행하여  주십시요..장소: 모현동 투다리(제일아파트 다동 앞길),2017-06-04,2017-06-04,2017-06-07,청소자원과,처리완료,오목로
142,4월4일이전 출생아는 익산시민이 아닌가요??,출산장려금 시행 시기는 익산시 출산장려 지원에 관한 조례 부칙 제1조에 의거 조례를 공포 한 날인 2017년 4월 4일 출생아부터 지원대상이 됨을 양해해 주시기 바랍니다.위와 같이 답변을 받았습니다.전 절대 이해를 못하겠습니다.저 외에도 출산 장려금 문의사항이 이렇게 많은데 소급 또는 조례 재개정하는 방법이 있지 않나요?원만한 장려금 지급을 위해 꼭 필요한 조치라 생각합니다.그리고 구체적으로 재개정 요청하는 방법에 대해 문의드립니다. 꼭 답변바랍니다.그리고 이런 요구가 받아들이지 않는다면 타지역 주소지 이전을 계획중이며 다른분들께도 권장하고 싶은 생각입니다. 다수 시민의 의견을 묵살하는 이런 곳에 아까운 세금까지 내며 거주할 이유가 전혀 없기 때문이죠.4월4일 이전 출생아는 태어나자마자 무슨 죄로 익산시로 부터 차별을 받아야 하는지~시청 앞 유모차 부대나 개정을 위한 촛불 시위라도 보고 싶어 그러는건지~ ~인구유입 장려하다 되려 인구유출 장려하는 꼴이 될 판이니 참~~~ 웃프네요,2017-04-27,2017-06-02,2017-04-29,여성보육과,처리완료,오목로
143,출산 장려금,"익산시 저출산대책 및 출산장려 지원조례는 출산?양육 및 교육에 소요되는 경제적 부담을 경감하고 출산장려를 위한 시책사업 및 출산을 유도하기 위한 장려금 이라는데..1월, 2월, 3월 출생아는 익산 출생자가 아닌가요?? 똑같이 세금을 내고 익산에 살고있는 사람들에게 이런 차별이라니요??17년도 초에 아이를 출산한 사람은 익산시의 저출산 및 출산장려정책에 이바지한 사람들이 아닌가요??차이가 적은것도 아니고 같은해 출생아인데 이런 차별적 대우를 받아야 하나요??완전 소급이 아니면 부분적 소급을 통해서라도 차별의 폭을 줄이는 방법도 있는데 다른 사람의 민원은 무시하시는건가요??정말 민원 무시 하네요   무조건 해당 사항이 안된다고 하는 당신들은 너무 너무 하네요 정말 화가 나네요. ",2017-04-04,2017-04-04,2017-04-07,여성보육과,처리완료,오목로
144,가온초등학교 신호등,안녕하세요 가온초등학교앞 신호등이 아침 9시면 꺼집니다위치는 4차주공아파트 코사마트있는쪽 신호등입니다?가온초 병설유치원에 다니는 아이들은 9시 이후에도 등원하는아이들이 있는데요  거긴 차들이 많이 분비데는 아니지만 차들이 비교적 빨리 가는경우를 종종보았습니다 학부모로서놀라는경우가 많아요 적어도 오전 10시까진 신호등을 켜주었으면 좋겠어요  빨리 시행해주세요!수고하세요!,2017-04-04,2017-04-04,2017-04-06,교통행정과,처리완료,오목로
145,남부권노인종합복지관 식당식단,"어머님께서 남부권노인종합복지관을 이용하고 계시는데요.작년 12월 영양사님이 바뀐 이후로 식단이 형편없다고 하십니다.한두분의 의견이 아니라 그 기관을 이용하시는 어르신들이 불만이 많은걸로 알고 있고요....여러번 영양사님께 말을 했다고 하는데 나아지질 않는다고 합니다.먼저 계셨던 영양사님이 작성하신 식단표가 있을텐데 같은 예산으로 어떻게 형편없는 식단이 나올 수 있나요??각 영양사님마다 개성이 있고, 특성이 있겠지만 어르신들이 이용하시는데 불편함을 줘서는 안되는것 아닌가요?돈이 없어서 밥을 못 먹는게 아닌데.... 어르신들이 서로 어우러져 담소를 나누며 식사를 하기위해 이용하는 기관인데 어르신들이 불편하지 않아야 하는것 이라 사료됩니다.식단에 신경을 써 주시고 맛있는 식사가 될 수 있도록 관심 부탁드립니다.",2017-02-23,2017-02-23,2017-02-24,경로장애인과,처리완료,오목로
146,제설작업,오늘 겨울눈이 와서 쌓이기 시작했읍니다.대전시 논산시 익산시 부여군을  거쳐 출근을 하는데익산시는 정말 제설작업을 하지 않으시는것 같습니다.용안 삼거리 함라면등 제가 보이는곳은 큰길 작은길 할것없이 너무 않되있습니다.올겨울  또 어떻게 익산시 눈길빙판길을 다녀야할지 걱정이 많습니다.제발 다른 시도처럼 기초적인 제설작업을 간곡히 부탁드립니다.....,2016-12-29,2016-12-29,2016-12-30,도로관리과,처리완료,오목로
147,가로등문의,익산시 성당면 강변로 1001번지 주택 앞 가로등이 안켜집니다 전등이 나간건지 모르겠습니다.어디에 넣을지 몰라 여기에 올립니다.,2016-12-20,2016-12-20,2016-12-23,건설과,처리완료,오목로
148,익산시는 유기동물 보호소 관리좀 하세요 일 안하세요?,최근 인터넷에 떠도는 익산 유기 동물 보호소에서 관리하는 동물들 사진이 그야말로 가관이더군요 익산시는 시 이름을 달고 운영하는 유기 동물 보호소를 관리도 안합니까? 한 번이라도 관심있게 들여다 봤으면 동물들이 그런 끔찍한 환경에서 생활했을까요? 더불어 그 글에 직원들 성과제 지급때문에 동물들을 무작위로 잡아들여 무더기 안락사 시키고 다른 동물처럼 보이기 위해 사진 각도를 달리 찍어 다른 개인것처럼 보이게 한 뒤 돈을 다시 타먹는다던데 이는 사기꾼에게 혈세가 낭비된게 아닙니까? 익산시는 유기 동물 보호소를 엄격히 관리하고 성과제를 폐지하세요,2016-11-13,2016-11-13,2016-11-17,축산과,처리완료,오목로
149,익산 유기견 보호센터 민원,오늘 Sns에 유기견보호센터에서 공고사진 올린걸 보았는데요이건 엄연히 유기견보호센터라는 이름만 포장한 학대장같습니다강아지 올무?라고해야되는지 그거채우고 잡아댕긴듯 찍힌모습 막대지팡이가지고 학대햇엇는지 그걸 강아지가 물고 찍힌모습 새끼강아지를 철장에 두었는데 철장구멍이 커서 발로 계속 서있는 모습 뒷덜미를 너무 쌔게 잡아 눈이 뒤집어까지려는 모습 등등 너무 불쾌하고 이런 사람들이 유기견보호센터이름을 달고 이런학대를 하는지 모르겠네요이런게 퍼지고 이런모습들이 계속보인다면 익산이미지도 더불어 안좋아 질거 같습니다.정말 동물을 사랑해서 유기견보호센터세워서 하시눈분들도 있을텐데 이런 쓰레기같은 사람들이 보호센터를 빙자해 학대를 하며 이름에 먹칠을 하다니요.제재좀 가해줬으면 좋겠구요 맘같아선 아예 보호센터를 못하게끔 됐음 좋겠네요. 지금하는 보호센터 닫아도 다시 보호센터 다른곳에 차려서 애들 학대할까 두렵네요. 이번보호센터말고도 다른보호센터도 확인해봐야될거 같기도 합니다.,2016-11-09,2016-11-09,2016-11-10,축산과,처리완료,오목로
150,철제 이정표의 고정고리가 위험합니다.,약촌 오거리에 설치되어 있는 이정표의 고정고리가 떨어진 상태로 수개월 동안 매달려 있습니다.바쁘시겠지만 수리가 필요할 것 같아서 몇자 올립니다.,2016-11-03,2016-11-03,2016-11-07,도로관리과,처리완료,오목로
151,삼기에 있는 축구장 지반 붕괴,삼기면 연동리 산 181-4번지에 있는 축구장인데요몇주전에 축구를 하다가 코너 부분으로 달려가던 중에 지반이 붕괴 된 것을 보고 피하지 못해서 밑으로 빠지며 찰과상을 당했어요보수가 필요해보이네요무너진지 꽤 됐는데도 아직까지 보수는 되지 않고 범위가 넓어지고 있어요신속히 조치해주시고 사후 관리도 철저히 해주세요,2016-10-20,2016-10-20,2016-10-21,산림공원과,처리완료,오목로
152,9월 28일 저녁 익산 마을회관에서 잉글리시십독하트리 잡아먹은 사람들 가중처벌 바랍니다.,분명 견주분이  그 이전에  그 좁은 지역에서실종신고를 했고 수사중인 사건이였으며 플래카드며전단지며 누구나 알 수 있게 이를 대대로 홍보했음에도 불구하고(또 외견상만보더라도 애완용임을 쉽게 인식할 수 있는견종이었음에도) 하트를 불에 태워 먹은 익산 마을회관 피의자들 가중처벌 바랍니다.,2016-10-05,2016-10-05,2016-10-06,축산과,처리완료,오목로
153,어찌 사람이 못할짓을. .,어떻게 경찰이 오고 견주가 찾아다니는걸 알면서도 그날 저녁에 하트를 먹을수 있는지. . 진짜 인간이란 사람들이 참. . 그 4명 벌금으로 끝나지않게 해주세요.  꼭지금 견주님과 그 가족들이 얼마나 힘들고 고통속에 있는지다시 한번 생각해주시고 꼭 처벌해주세요. .,2016-10-04,2016-10-04,2016-10-06,축산과,처리완료,오목로
154,버스,안녕하세요 공무를 집행하느라 수고가 많으십니다.다름이 아니라 저는 버스를 많이 이용하고 다닙니다.익산은 버스시간이 다른지역에.비해 빨리 끊겨도 인구가 별로 없으니.이해하고 타는데 약속된시간을 지키지 않는것은 무슨경우입니까?분명히 10시 4분차면 10시 되기도 전에 가고있고.방학엔 막차까지 없는데 마지막 10시 18분차가.10시 10분에.가다니요..정말 참고참고 참다가 올립니다약속은 지키라고있는건데 아침에는 월등히 늦게오고 저녁에는 매우 빨리가니 너무 화가나서 올립니다.그냥 단순히 읽기만 하고 넘어가시기보다는 뭔가 주의를 주시고 다시는 이런일이 없길 바랍니다.대중교통을 이용하라면서 대중교통이 약속을 지키지않는 경우는 매우 부당합니다.다시는 102번이 시간약속을 지키지 않고 먼저 가는일이 없길바랍니다.해당 게시물이 '부조리 신문고'에서 이동 되었습니다.,2016-08-25,2016-08-25,2016-08-29,교통행정과,처리완료,오목로
155,갑작스런 주민세 인상???,주민세 용지를 보고 금액은 만원 단위가 크게 신경을 쓰지는 않았지만...기존 금액을 보고 이번에 청구된금액을 보니 황당하고 어이가 없네요아무런 이야기도 없이 갑작스럽게 올려 청구한다는것이 어이가 없군요다른 답변을 보니 지자체가 힘들다하는데 왜 매번 도로쪽 공사는 하던곳 또하고 멀쩡한곳 뜯어 또 공사하는지이유을 알수가 없더군요주민세 올리면 지자체가 힘들었던것이 해결이 되는지 궁금하네요...,2016-08-19,2016-08-19,2016-08-19,세무과,처리완료,오목로
156,너무나 답답합니다.,"신동 금호어울림에사는 입주민 인터넷카페 운영자입니다.아파트정문앞 포인트마트의 인도점유 상황입니다.이를 어찌해야 할까요?너무도 지저분하고 상식을 벗어난 행태에 많은입주민들의 원성이 높은나, 꿈쩍하지않는 빼짱영업에 어쳐구니없고 황당할 뿐입니다.입주민들의 개개인이 부딪쳐 언성을 높인다고 해결될수없는 일이기에 부탁을 드립니다.현장을 꼭 확인하시고 상가밖으로 적재된 모든물건을 치워 깨끗한 인도를 만들어 주세요.",2016-07-11,2016-07-11,2016-07-29,도로관리과,처리완료,오목로
157,안전사고 예방조치 - 도로 이정표,"도로 방향 이정표가 떨어질 우려가 있으니 즉시 조치해 주세요~위치 - 약촌오거리 (중앙 체육공원 -> 배산공원 방향)내용 - 위 방향으로 약촌오거리에 접근하다보면 보이는 3개의 방향 이정표 중 가운데 이정표가         3개의 연결고리 중 1개가 완전히 끊어져있어 떨어질 우려가 있습니다.         바람등의 영향으로 떨어지게 될 경우 신호대기로 해당 차로에 대기하고 있던 차량 위로 떨어지는 경우에는         큰 인사사고까지 우려되는 상황이니 즉시 조치가 필요한 상황입니다.         첨부된 사진은 1개월전에 찍어놓은 사진인데, 그래도 주기적으로 점검을 통해 즉시 조치하겠거니 하고         신고하지 않았었는데 1개월이 지난 후에 지나가다 보니 여전히 그대로 있어 안전사고를 예방하기 위한         차원으로 신고합니다.",2016-06-02,2016-06-02,2016-06-07,도로관리과,처리완료,오목로
158,어양동 어양공원 근처,어양동 하나로 도로 어양공원 근처인도에 불법으로 설치된 불법현수막을 신고합니다.,2016-02-29,2016-02-29,2016-03-09,도로관리과,처리완료,오목로
159,주차공간 관련 문의합니다,어양동 643-10번지 우리원룸에 살고있는 주민입니다.그 근처에 원룸들이 많은데 원룸과 원룸 사이에 있는 주차공간은 사유지로 되있어서 주차가 불가한가요?원룸들에 이어져있는 길에만 한쪽으로 주차가 가능한가요?,2016-02-21,2016-02-21,2016-02-24,교통행정과,처리완료,오목로
160,도시 미관 해치는 불법광고물 5,"영등동 홈플러스 앞 도시 미관을 해치는 불법광고물을 신고합니다,2016년1월30일 공연이 끝난 불법광고물이 흉물스럽게 붙어 있어신고합니다.",2016-02-11,2016-02-11,2016-02-17,도로관리과,처리완료,오목로
161,택시기사를 배려한 생활체육시설 설치,택시기사를 배려한 생활체육시설 설치,2016-06-30,,2017-02-27,체육청소년과,처리완료,오목로
162,찾아가는 자전거수리센터 운영 등을 통한 주민편의 제고 방안,찾아가는 자전거수리센터 운영 등을 통한 주민편의 제고 방안,2016-04-13,,2016-05-16,도시재생과,처리완료,오목로
163,자동차세 연납 할인제도 차량소유자 휴대폰 문자알림 서비스로 세테크 도우미가 된다,자동차세 연납 할인제도 차량소유자 휴대폰 문자알림 서비스로 세테크 도우미가 된다,2016-01-19,,2016-02-22,세정과,처리완료,오목로
164,2018 새만금 중심 김제 발전제안 16,"민원실, 주민센타 등 민원인 대면 데스크 및 서류작성대에 실종 아동의 얼굴을 인쇄한 안내문을 게시",2018-03-05,,2018-03-08,민원소통과,처리완료,오목로
165,안전재난과(재해대책팀)에 문의합니다.,"저는 광주광역시에 거주하는 장서용박사입니다.


저는 안전과 관련하여 행정안전부 정책자문위원과 풍수해저감종합계획 전문위원으로 활동하고 있습니다.
안전재난과(재해대책팀)의 사전재해영향성검토위원회에서 제가 가진 지식을 활용하여 봉사하고 싶습시다.
아울러 두달에 한번씩 참석하는 행정안전부 정책자문회의와 풍수해저감종합계획 위원회에서 저희 지역의 현안사항들을 중앙에 알리는 가교 역할을 해보고 싶습시다.
감사합니다.

주요경력 :

경희대학교 토목공학과 졸업 (공학사)
연세대학교 대학원 토목공학과 졸업 (공학석사)
전남대학교 대학원 토목공학과 졸업 (공학박사)
행정안전부 정책자문위원 (현재)
행정안전부 풍수해저감종합계획 전문위원 (현재)
광주광역시 사전재해영향성검토위원 (현재)
동강대학교 토목조경학과 겸임교수 (현재)",2018-09-28,,,,처리중,오목로
166,장수읍 대성리 1412-19천 정비 좀 해주세요 제발,"p불철주야 고생하시는 공무원님 고생 많습니다./p

p다름이 아니오라/p

p저는 장수읍 대성리 411-3번지 사는 주민입니다./p

p동네는 대성리 대덕이라고 하는데 몇년 전에도 같은 민원을 제기했었는데/p

p몇년째 그대로더라구요../p

p이번에 마직막 희망을 가지고 다시한번 요청드립니다./p

p동네에 개울물이 대성리 338-2번지 옆 1412-19번지 개천으로 흐릅니다./p

p/p

p/p

p온 동네물이 다 이곳을 거쳐 큰 개울물로 흘러가는데 동네에는 도로주변/p

p배수로 정비를 끝마쳤습니다. 그런데 정작 동네물이 다 지나가는 개천은 정비가 되지 않아 비만 오면 우리밭이며 논이 움푹움푹 패이고/p

p바로 위의 밭이 무너질까봐 걱정이 이만저만이 아닙니다./p

p며칠전 태풍에 윗집 언덕이 무너져서 방천이 났습니다./p

p논이 완전 물웅덩이가 되어 버렸습니다./p

p/p

p사업비용이 많이 들어가는건 알지만 몇십년동안 정비한번 안한다는것은 말이 안된다고 생각합니다. 붙임 파일 보시고 제발 제발 정비 부탁드립니다./p

p/p

p군수님도 새로 취임하셨다고 하니 다시한번 실낱같은 희망을 품어봅니다./p

p/p

p수고하세요./p",2018-07-06,,2018-07-17,대외협력,처리완료,오목로
167,보건소 약봉지 개선 건의,"p노고가 많으십니다./p

p보건소 진료 후 받게되는 약봉지 일반병원 진료 후 약국에서 받는 약봉지의 차이점이 있습니다./p

p일반약국에서 받는 약봉지의 경우 수령하게 되는 약성분과 투약횟수 등이 상세히 적혀있습니다. 개인이 어떤 약을 복용하는지 자세히 알 수 있습니다./p

p장수군 보건소 진료 후 받게되는 약봉지 경우 수령하는 약에 대한 정보가 전혀 없습니다./p

p약봉지를 개선할 수 있다면 처방받는 약에 대해 프린트를 하여 개인에게 주는 방법도 있을 것입니다./p

p의약정보는 반드시 개인에게 알려주어야 한다고 생각합니다./p

p사진은 일반약국에서 수령받는 약봉지를 첨부하였습니다./p",2017-08-08,,2017-08-09,대외협력,처리완료,오목로
168,석정단지내 주차장 쓰레기 처리 바랍니다,석정 시니어스 타워 공사후에 석정힐스 2단지 뒤 공공주차장에 쓰레기를 그대로 방치하고 있습니다 석정지역은 관광지로 외부인들이 많이 방문하는 곳이라 고창 이미지가 더러운 이미지로 보여질 수 있고 또한 쓰레기로 먼지도 많이 날립니다 깨끈한 고창 이미지를 생각해서라도 빠른 시간내로 쓰레기를 깨끗하게 치워주시기를 부탁드립니다,2018-07-29,2018-07-29,2018-08-03,환경시설사업소,처리완료,오목로
169,"[안전신고] (SPP-1603-0199356)자동차는 모르겠는데, 자전거나 오토바이 같은 경우는 홈"," 전라북도 부안군 행안면 진동리 126-47자동차는 모르겠는데, 자전거나 오토바이 같은 경우는 홈이 깊어서 낙차할 수 있을거 같습니다.",2016-03-28,,2016-04-05,건설교통과,처리완료,오목로
170,[안전신고] 도로 우수맨홀주변 깨짐,: 전라북도 부안군 부안읍 서문로 28 [처리요청기관]:부안군도로 우주맨홀 주변 도로깨짐이 심해서 차량 소통시 덜컹거림이 심함,2016-04-27,,2016-04-28,맑은물사업소,처리완료,오목로
171,불법 노점상 단속 부탁드립니다,"안녕하세요 수협/홈마트 사거리 불법 노점상 단속 부탁드립니다 해당 지역 과일 노점상 차량때문에 많은 불편함이 있습니다 도로교통법 제32조(정차 및 주차의 금지)를 살펴보면, 모든 차의 운전자는 교차로, 횡단보도 건널목이나 보도와 차도가 구분된 도로의 보도, 교차로의 가장자리 또는 도로의 모퉁이로부터 5미터 이내의 곳, 지방경찰청장이 도로에서의 위험을 방지하고 교통의 안전과 원활한 소통을 확보하기 위하여 필요하다고 인정하여 지정한 곳 등에서는 차를 정차 또는 주차시켜서는 아니됩니다. 해당 차량은 사거리 코너 부위 및 횡단보도 구역에 불법 주정차 및 불법 노점을 하고 있습니다 횡단보도 근처 이면 차량 뒤에 다른 차 주차 못하게 아동용 의자를 도로에 세워 놓고 있습니다해당 차량으로 인해 교통 체증 및 사고 우려가 있습니다 빠른 조치 부탁 드립니다",2016-08-29,,2016-09-01,건설교통과,처리완료,오목로
172,(SPP-1703-2001043)맨홀 함몰로 지나가는 차량이나 사람이 상해를 입을수,전라북도 부안군 부안읍 서외리 44-1맨홀 함몰로 지나가는 차량이나 사람이 상해를 입을수 있음,2017-03-20,,2017-03-23,건설교통과,처리완료,오목로
173,(SPP-1703-2301156)안전표지 바람에 찢어졌는데 다시 달아주세요,전라북도 부안군 변산면 격포리 641안전표지 바람에 찢어졌는데 다시 달아주세요,2017-03-23,,2017-04-04,문화관광과,처리완료,오목로
174,(SPP-1703-2301170)길 바닥이 파손되었어요 수리해주세용,전라북도 부안군 계화면 계화리 69길 바닥이 파손되었어요 수리해주세용,2017-03-23,,2017-04-04,문화관광과,처리완료,오목로
175,하천에서의 야영 및 취사 제한 구간에 대한 추가질의,"안녕하세요.하천에서의 야영 및 취사 제한 구간 질의에 대한 부안군(2AA-1703-195691) 답변에 이해가 안돼 재 질의합니다.하천법 제46조 6호, 제47조의 규정에 따라 대통령령으로 정하는 바에 따라 시·도지사가 지정·고시하는 지역에서 야영행위 또는 취사행위를 금지할 수 있지만, 하천관리법시행령 제51조 1항의 규정에서는 법 제46조제6호 각 목에 따른 행위를 금지하는 지역(이하 """"금지지역""""이라 한다)을 지정하려는 경우에는 1호~6호의 사항을 고려하도록 되어 있습니다.질의 1) 명확히 하고자 다시 확인 질의합니다. 부안군내 전 하천이 하천법 제46조, 47조 규정에 따라 전 하천에서 취사 및 야영행위 금지구간으로 지정.고시되었나요?질의 2) 공고된 금지지역의 양측과 중간지점에 공고 내용을 알리는 안내판을 설치하였나요?-금지된 줄도 모르고 있다가 단속을 당하면 당황스럽겠죠!-하천관리법시행령 제51조 1항의 규정에 하천에서의 야영 및 취사 금지시 5가지의 사항을 고려하여 금지대상 구간을 지정토록 하였는데 부안군내 하천의 경우 전 하천이 모두 이에 해당하는는 점이 놀랍네요.질의 3) 하천법 제46조, 제47조, 동법시행령 제 51조, 52조의 규정에 따라 하천에서의 야영 및 취사 금지시 시·도의 공보에 공고하고 그 내용을 해당 지역에서 발간되는 일간신문에 공고하도록 되어 있는데 그 공고 일자를 알고 싶습니다. 질의 4) 부여군 홈페이지에서 하천내 야영과 취사가 금지 구간으로 지정.고시된 내용을 찾는 방법을 알려주세요.",2017-04-05,,2017-04-13,안전총괄과,처리완료,오목로
176,가스가게에 대하여...,안녕하세요! 현제 부안군에 정상적인 허가를받고 영업하고있는 가스업체에(가게)에 대하여 알고십습니다. 1.가스업체명 2.가스업체의 주소 3.가스업체의 전화번호 위와같이 3가지의 궁금한 점이 있습니다. 자세한답변 주십시오,2017-04-14,,2017-04-19,미래창조경제과,처리완료,오목로
177,(SPP-1708-0800126)불이 안 들어와요 * 첨부파일촬영시간 안내(안전신문고,전라북도 부안군 부안읍 행중리 123-2불이 안 들어와요*  *(1/1) G: 2017/08/08 09:33:32G:*,2017-08-08,,2017-08-14,부안읍,처리완료,오목로
178,(SPP-1708-1400112)보안등 683 불이 안들어옵니다 * 첨부파일촬영시간,전라북도 부안군 동진면 당상리 9-4보안등 683불이 안들어옵니다*  *(1/1) G: 2017/08/10 14:09:43G:*,2017-08-14,,2017-08-17,동진면,처리완료,오목로
179,(SPP-1710-3000940)오래전 폭설로 양계장이 무너지고 그로인한 폐기물이 쌓여,전라북도 부안군 부안읍 연곡리 489-5오래전 폭설로 양계장이 무너지고그로인한 폐기물이 쌓여있습니다그때 당시 군청에서 처리해 주신다고구두로 약속을 했었는데처리가 이루어지지 않고 있습니다악취와 환경적으로도좋지않아 거동이 불편하신 부모님은처리를 하지 못하고 계신 상황입니다조치좀해주세요*  *(1/2) G: 2017/10/29 18:04:38(2/2) G: 2017/10/29 18:04:25G:*,2017-10-30,,2017-11-07,친환경축산과,처리완료,오목로
180,(SPP-1711-0400245)한달이상 오토바이가 길가에 방치되어 통행에 방해가 되고,전라북도 부안군 부안읍 동중리 219-9한달이상 오토바이가 길가에 방치되어 통행에 방해가 되고 위험을 야기하고 있습니다. 조속한 처리 요쳉드립니다.*  *(1/2) G: 2017/11/04 15:50:59(2/2) G: 2017/11/04 15:50:53G:*,2017-11-04,,2017-11-07,건설교통과,처리완료,오목로
181,(SPP-1711-1500846)가로등점멸 * 첨부파일촬영시간 안내(안전신문고 운영관,전라북도 부안군 부안읍 선은리 660-4가로등점멸*  *(1/1) C: 2017/11/15 23:11:05G:*,2017-11-15,,2017-11-17,부안읍,처리완료,오목로
182,1AA-1708-254098 민원처리에 관한 후속조치가 없네요.,"몇 달 전에 1AA-1708-254098 민원을 제기하였습니다.이후 현장에 공무원분들이 방문해서 매우 짧은 상황파악만 하고 민원을 완료시켰네요.제가 느끼는 불만이 뭐겠습니까? 당연히 실제로 후속조치가 이루어지지 않았다는 점이죠.이후 연락을 준다고 하셨던거 같은데 아직도 연락이 없는 것을 보니, 여러분들은 이 문제를 해결할 생각이 없으신 것 같다고 생각하게 됩니다.그런 이유로 덕분에 아직도 불편은 현재진행중이고, 미래에도 지속되겠네요. 여러분들의 그 """"노오력""""에 참 감사합니다.결국 저는 공무원들이 국민의 불편에 귀를 기울인다고 하는 소리는 그저 입에 발린 거짓말에 불과하다는 사실을 알게되었네요. ㅎㅎㅎ이런말 하는 저도 짜증나고, 이 민원 보게되는 담당자분도 짜증날거 압니다.그래도 담당자분은 이 민원을 보는 순간만 나쁘고 처리완료만 누르고 후속조치 안하면 그만 아닙니까?저희 가족은 당신께서 처리완료만 누르고 끝낸 이 민원으로 심리적으로도 재산적으로도 피해를 누적해서 보고 있습니다.이 민원을 처리하실 담당자분의 남은 공무원 생활에 평화와 안녕이 있기를 기원하며, 문제의 신속한 해결을 바랍니다.",2017-12-13,,2017-12-21,건설교통과,처리완료,오목로
183,(SPP-1801-2600077)처리바래요 * 첨부파일촬영시간 안내(안전신문고 운영관,전라북도 부안군 부안읍 서외리 444-3처리바래요*  *(1/1) C: 2018/01/26 09:44:21G:  *,2018-01-26,,2018-02-02,푸른도시과,처리완료,오목로
184,[생활불편신고]장애인 전용주차구역 불법주차,<장애인 전용주차구역 불법주차> 이분차량 제가만 6번째신고거든요고지서보내시는지 직접 국민신문고나 권익위원회확인하겠습니다..보통사람은 이렇게당당히 주차못합니다. (1/1) A : 2018.01.31 16:52:05 A :  : I :  .[ (02-2195-1129~30)],2018-01-31,,2018-02-01,주민행복지원실,처리완료,오목로
185,(SPP-1802-0800383)버스정류장 보수요청,전라북도 부안군 부안읍 서외리 550-3버스정류장 보수요청,2018-02-08,,2018-02-17,건설교통과,처리완료,오목로
186,현수막철거요청,: 전라북도 부안군 보안면 하입석리 693-3하입석마울 앞 현수막 한쪽줄이 끊어져 위험함-------------------------------------------------------------------------------------------------------------------------○ .20180219_142049_1519024250066_resized.jpg,2018-02-19,,2018-02-20,보안면,처리완료,오목로
187,(SPP-1802-2700458)가로등이 삐딱하게 위험해요 * 첨부파일촬영시간 안내(,전라북도 부안군 변산면 격포리 284-45가로등이 삐딱하게 위험해요*  *(1/1) G: 2018/02/19 14:54:51G:  *,2018-02-27,,2018-03-08,변산면,처리완료,오목로
188,(SPP-1803-1300964)도보에 자전거와 적재물 * 첨부파일촬영시간 안내(안전,전라북도 부안군 부안읍 봉덕리 772-3도보에 자전거와 적재물*  *(1/1) C: 2018/03/13 16:44:41G:  *,2018-03-13,,2018-03-20,건설교통과,처리완료,오목로
189,[생활불편신고]장애인 전용주차구역 불법주차,<장애인 전용주차구역 불법주차> 장애인전용주차구역불법주차를계속하여신고함 (1/1) A : 2018.03.21 16:45:40 A :  : I :  .[  : 1522-0660 ()],2018-03-21,,2018-03-23,주민행복지원실,처리완료,오목로
190,(SPP-1803-2601421)가로등 고장 (석정로 108) * 첨부파일촬영시간 안,전라북도 부안군 부안읍 봉덕리 561가로등 고장 (석정로 108)*  *(1/1) C: 2018/03/26 23:21:46G:  *,2018-03-26,,2018-03-29,부안읍,처리완료,오목로
191,(SPP-1803-2601430)가로등 고장(봉동길 01) * 첨부파일촬영시간 안내(,전라북도 부안군 부안읍 봉덕리 633-3가로등 고장(봉동길 01)*  *(1/1) C: 2018/03/26 23:37:39G:  *,2018-03-26,,2018-03-29,부안읍,처리완료,오목로
192,(SPP-1804-2600822)가로등 고쳐주세요 * 첨부파일촬영시간 안내(안전신문고,전라북도 부안군 부안읍 봉덕리 561가로등 고쳐주세요*  *(1/1) C: 2018/04/26 22:30:36G:  *,2018-04-26,,2018-05-05,부안읍,처리완료,오목로
193,(SPP-1805-0300002)가로등 불이 안켜져요 * 첨부파일촬영시간 안내(안전신,전라북도 부안군 부안읍 서외리 42-49가로등 불이 안켜져요*  *(1/1) G: 2018/05/03 00:03:47G:  *,2018-05-03,,2018-05-05,부안읍,처리완료,오목로
194,(안전보안관)(SPP-1806-2500367)하수구 정비좀해주세요 * 첨부파일촬영시간 안내(안전신,전라북도 부안군 부안읍 봉덕리 574-91하수구 정비좀해주세요*  *(1/2) C: 2018/06/25 15:28:58(2/2) C: 2018/06/25 15:29:06G:  *,2018-06-25,,2018-06-26,민원소통과,처리완료,오목로
195,[생활불편신고]불법광고물,<불법광고물> 도로 불법 광고물 부안통신 핸드폰 매장 (1/3) A : 2018.08.14 17:38:04 (2/3) A : 2018.08.14 17:38:17 (3/3) A : 2018.08.14 17:38:28 A :  : I :  .[  : 1522-0660 ()],2018-08-14,,2018-08-24,부안읍,처리완료,오목로
196,[생활불편신고]불법 주차,<불법 주차> 불법주차 (1/2) A : 2018.09.01 13:34:48 (2/2) A : 2018.09.01 13:35:29 A :  : I :  .[  : 1522-0660 ()],2018-09-01,,2018-09-11,건설교통과,처리완료,오목로
197,(SPP-1809-2700651)가로등 불이 꺼저있어요 * 첨부파일촬영시간 안내(안전,전라북도 부안군 백산면 금판리 785-8가로등 불이 꺼저있어요*  *(1/1) C: 2018/09/27 17:11:15G:  *,2018-09-27,,,백산면,처리완료,오목로
198,(SPP-1611-2200255)가로등미점등,전라북도 부안군 줄포면 줄포리 732-25가로등미점등,2016-11-22,,2016-11-25,줄포면,처리완료,국회대로
199,(SPP-1804-2600746)쓰레기 치워주세요 * 첨부파일촬영시간 안내(안전신문고,전라북도 부안군 부안읍 봉덕리 769-8쓰레기 치워주세요*  *(1/1) C: 2018/04/26 21:24:05G:  *,2018-04-26,,2018-05-09,친환경축산과,처리완료,국회대로
200,(SPP-1802-0100164)도로파손 고쳐주세요 * 첨부파일촬영시간 안내(안전신문,전라북도 부안군 부안읍 봉덕리 632-1도로파손 고쳐주세요*  *(1/2) C: 2018/02/01 13:05:11(2/2) C: 2018/02/01 13:05:20G:  *,2018-02-01,,2018-02-09,건설교통과,처리완료,당산로42길
201,초미세 중금속 발암물질,안녕하세요익산시민입니다익산이  초미세 전국1위입니다답답해서 기다리다 지쳐 글올립니다익산시는 대책은 마련하고 있는건가요?발암물질 심각한거 아는 저희들만 애가  타는겁니까?아이들 기관에 보낼때마다 전전긍긍합니다아이들어린이집 유치원.초.중고등학교공기청정기  지급및 교육자분들의 중금속 발암물질의심각성을 교육및 인지시켜주세요부디 예산이없다는 얘기하지말아주시고하루이틀 참아서 해결될거라면이렇게 글올리않습니다앞으로도 계속해서  진행이될 중금속발암물질로부터 지켜주세요글을 읽고계시는 분들의  가족분들의 건강을 지켜주세요,2018-03-30,2018-03-30,2018-04-05,녹색환경과,처리완료,도림로
202,도서관,익산 시립도서관 중 부송 도서관의 자료열람실 개방시간을 더 길게 해주셨으면 좋겠습니다. 부송동에 살고 있지만 밤에 도서관 이용을 위해 영등동까지 가는 것이 불편하네요,2017-07-31,2017-07-31,2017-08-01,시립도서관,처리완료,도림로
203,쓰레기 수거 및 불법투기 예방요청,"시정업무에 수고가 많으십니다부송동 하나리움아파트 정문에서 리센시빌아파트 방향 오른쪽 도로방향으로 인도옆에 불법쓰레기가 오래전부터방치 되고있어 악취발생 및 미관상 불쾌하지 않을수가 없습니다이곳에 불법쓰레기 투척을 방지하기 위한 경고판 설치나 CCTV를 설치하여 불법쓰레게 투척을사전에 방지하는 대책을 세워 주시면 고맙겠습니다아파트 베란다  바로앞에 쓰레기가 방치되어 매일 짜증이 나고 있습니다미화원께서  도로 청소는 매일 하시고 있으나, 시청 쓰레기 봉투가  같이 섞여있어  다른사람들이더욱 쓰레기를 버리는것 같습니다바쁘시지만 빠른시일내에 청소하여 주시면 고맙겠니다수고하시기 바랍니다",2016-09-07,2016-09-07,2016-09-13,청소자원과,처리완료,도림로
204,월동 모기 선제 박멸을 통한 주민건강보호 및 쾌적한 환경조성 제고 방안,월동 모기 선제 박멸을 통한 주민건강보호 및 쾌적한 환경조성 제고 방안,2016-11-25,,2016-12-13,보건위생과,처리완료,도림로
205,라돈 측정기 무상대여 서비스 건의,"특정 브랜드의 침대뿐 만아니라 흔히 사용하는 라텍스 제품들도 1급 발암물질 라돈으로부터 안전하지 않다는 뉴스를 접한 뒤 불안감에 빠져있는 사람 중에 한명입니다. 편안한 잠자리를 위한 침대나 매트리스 사용이 보편화되었기에 시골지역이지만 저와 같은 불안감을 갖고 있는 군민들이 적지 않을 거라 생각합니다. 어린 아이를 키우는 가정이라면 더더욱 그럴 것입니다.

몇 십만원을 투자해 나름 큰 맘먹고 사들여 놓았으니, 정확한 사실 확인 없이 무턱대고 폐기할 수도 없는 노릇입니다. 조급한 마음에 유상대여 서비스도 알아보았으나 수도권과는 거리가 먼 이곳까지 대여가 되는 곳을 찾기도 어려울 뿐만 아니라, 측정기를 수령하는 당일에 택배로 반송하라는 업체들의 규정때문에 맞벌이를 하는 저 같은 경우는 두 배의 대여료를 지불해야만 하는 상황입니다.

타 지자체에서는 이미 라돈측정기 무상대여 서비스를 시행하는 곳이 여러 곳인 걸로 검색되는데... 우리 군은 해당 서비스 계획이 있는지, 없다면 지금이라도 고려해서 속히 사업이 시행될 수 있도록 건의해 봅니다.

이러지도 저러지도 못하고, 답답하고 참담한 마음으로 작성하는 글입니다. 부디 예산이나 행정적인문제 등, 구태의연하고 뻔한 답변이 아닌 사이다 답변을 기대해봅니다.",2018-07-16,,2018-07-23,대외협력,처리완료,도림로
206,(SPP-1703-2300772)낙하위험,전라북도 부안군 진서면 운호리 439낙하위험,2017-03-23,,2017-03-28,진서면,처리완료,도림로
207,농협 앞 가로등 소등,: 전라북도 부안군 보안면 영전리 383-3보안면 농협 앞 가로등이 소등되어 위험합니다.(가로등번호-영전길04)[처리요청기관]:부안군,2017-03-23,,2017-05-16,보안면,처리완료,도림로
208,[생활불편신고]장애인 전용주차구역 불법주차,<장애인 전용주차구역 불법주차> 왜 처리가늦으시져과태료10만원부과해주시지요저번것도 미처리중이시던대오늘것까지 두번째내요[  : 하이안아파트 ] (1/1) A : 2017.09.05 19:41:13 A :  : I :  .[ (02-2195-1129~30)],2017-09-05,,2017-09-08,주민행복지원실,처리완료,도림로
209,43소7325 광명교 삼거리 번호판가드 불법튜닝,"5/12 광명교 삼거리 번호판가드 불법튜닝벌금도 있는걸로 알아요...안전에 관련된 부분이니 바로 조치 요청 드립니다원상복구 및 임시검사 """"꼭"""" 요청 드립니다원상복구 되었는지 """"""""""""꼭"""""""""""" 확인바랍니다빠른 조치 바랍니다..안전에 관련된 부분이니 바로 조치 요청 드립니다원상복구 및 임시검사 """"꼭"""" 요청 드립니다원상복구 되었는지 """"""""""""꼭"""""""""""" 확인바랍니다빠른 조치 바랍니다..",2018-05-14,,2018-05-16,건설교통과,처리완료,도림로
210,부안군청 부실업무 처리 개선의 권고,"부안군청 건설교통과는 진서면 석포리 230-2도로(내소선물의 집 앞) 의 무단 점유 및 불법시설물에 대해 공유 재산 및 물품관리법을 위반 하였다는 사항에 대해 이오목(건물주인) 에게 철거통보 2차 를 발송하였습니다.저는 어머니(이오목)를 대리하여 해당 행정기관의 부실 업무처리에 대해 대리인으로 답변을 올립니다.첫번째.해당 불법건축물은 이오목이 설치한 행위자가 아닙니다. - 이오목은 2016년 3월 23일 건축물을 시공업자(조0원)에게 위탁하여 증축하였고 그 이후로는 현재까지 불법건축물을 한 행위 및 사실이 없습니다. 두번째.해당 불법건축물의 행위자도 아닐뿐더러 물권은 타인의 소유입니다.(임차인)-불법시설물이 해당 통보건처럼 이오목의 소유라면 철거하겠습니다.하지만 불법건축물은 이오목의 자본과 노력 시간을 들여가며 만든것이 전혀 아닙니다. 만약 해당 군청에서 저또는 이오목에게 불법건축물의 철거 위임권을 인계하고 철거에 대한 공문서를 발행 보증 및 타인의 불법건축물 소유권을 침해해도 된다는 공적인 법적 효력을 갖추게 해준다면 내용수신후 1개월 이내 바로 철거할것 입니다.세번째.2차 철거 통보에 대한 절차 부분입니다.-해당 등기는 1차가 아닌 2차였습니다.해당 불법건축물의 행위자는 이오목이 아님에도 불구하고 이번 등기우편에서 확인했습니다.1차는 수신하지도 못한 우편이었는데 도대체 언제 발송했고 수신자는 누구였습니까. 절차통보에 대한 내용증명을 확인하기 바랍니다.위의 내용을 정리하자면.이하 직급은 생략하겠습니다.해당 통보건을 처리하신 부안군청실무원 황호경/건설행정팀장 정춘수/건설교통과 임택명 분들께서는 건축행위자가 누구였는지 혹은 현재까지도 해당 불법건축물의 행위자/소유자/설치자를 확.인.후 발송한건지 사실관계도 없이 해당 문건을 발송한건지 의심스럽습니다.다시한번 강조하지만,군청에서 발송한수신인 이오목씨는 불법건축물의 행위자가 아닙니다.사실확인 제대로 하시기 바랍니다.만약 이에 대한 의법조치시 무고한 군민에게 위에 해당되는 공무원의 공권력 업무 남용으로 행정처리를 하게된 부분에 대해 적극 법적 대응을 할 예정이니 이오목의 철거통보에 오단에 대해 자진철회를 하시기 바랍니다. 이상입니다.",2018-03-09,,2018-03-20,건설교통과,처리완료,도신로15다길
211,무주고령화문제,"안녕하세요.저희는 무주초등학교에 4학년 난초반의 현 모둠 입니다.저희가 사화시간에 무주의 문제에 대하여 조사하였습니다.무주의 문제 중 고령화의 대하여 조사하였습니다. 조사방법은1.신문이나 기사 찾기.2.인터넷으로 하였습니다. 무주고령화문제우리가 살고 있는 무주는 고령화 사회로 변하였습니다.2000년부터 쭉 노인들이 늘어나고 있습니다. 2040년에는 대한민국 전체 인구의 40%가 노인으로 변할 것으로 예상하고 있습니다. 이렇게 무주에 노인이 많아진다면 무주는 노인들만 사는 마을로 변할지도 모릅니다. 해결방법 노인일자리를 늘리고, 아이를 위한 시설을 만든다. 군청에서해주셔야 할 일 1.노인일자리 건설 2.아이를 위한, 전용 시설 이2개를 해주시면 감사하겠습니다. 꼭 부탁드립니다!",2017-12-18,,2018-01-04,자치행정과,처리완료,도신로4길
212,동산동 길거리 불법 주정차 단속 필요,"수고가 많으십니다.다름이 아니라 동산동 삼호아파트와 생태공원 사이 큰 길가에 불법 주정차가 상당히 심합니다.주정차 단속 표지판이 있어도 무용지물이고, 항상 수십대가 길가에 주정차 되어 있어 통행에 불편하고 사고 위험이 큽니다.다음달이면 동산동사무소도 생태공원쪽으로 이전 설치 되어 교통량이 증가될 것으로 보입니다.조속한 단속으로 불법 주정차 단속 부탁드립니다.",2018-01-29,2018-01-29,2018-01-29,교통행정과,처리완료,여의대방로
213,부시장님께,"안녕하세요?저는 송학동에 사는 주민 허정희입니다.다름이 아니오라 송학동 동장님(이창현)에 대한 말씀을 드리고저 이렇게 몇자 적습니다.송학동 주민센터에서 기타반에 등록하여 열심히 배우는 학생입니다.동장님께서 송학동에 오신 뒤로 더욱더 활발히 운영되고 있습니다.여러가지 활동을 할수 있지만 기타반, 헬스, 노래교실, 서예반 등등 성실하게 신경써 주시고 특히 주민들 안녕을 위하여직접 걸어서 시찰도 다니시는 동장님은 처음 인것 같습니다.이렇게 동장님께서 주민들을 위하여 많은 신경을 써 주시니까오래 오래 송학동에 계셨으면 하는 사람들이 많아요.저희 기타반 주민들은 말할것도 없고요.어떻게 하면 이런 마음을 전할 수 있을까 생각하다가이렇게 몇자 두서 없이 적어 봤습니다.이창현 동장님 몇년이 아니고 오래 오래 있다가 정년 퇴직하믄 안되는 건가요?부탁합니다.~~~~~~부탁합니다.다시한번 부탁드립니다.",2016-01-15,2016-01-15,,,처리완료,여의대방로47길
214,농지 절토,"수고가 많으십니다저는 왕궁 구덕리 135-1 , 135-2 , 109-4 농사를 경작합니다농지 주변에 개발을 하고 있어 농사 경작하기가 어렵습니다농사를 위한 절토 했으면 이해가 가는 부분인데농사가 아닌 태양광 설치를 위해 자신의 토지를 절토하여 피해가 우려 됩니다 - 106번지는 135-2 , 109-4 아래 토지로 상,하 토지 낙차가 5미터 이상이 되었습니다  우천시 밭두렁 함몰과  밭 물빠짐이 심한 사석토인데 농사가 되겠습니다  농사 지을 땅에 물없이 농사를 어찌 지으란 말이요  농사 경작을 위해  작물에 피해가 우려됩니다    ",2016-07-28,2016-07-28,2016-08-01,농업정책과,처리완료,여의동로
215,개인택시 불친절,"어디에다가 신고해야 할지 몰라 익산시청 시민의 소리에 말씀드립니다.2018년 09월 28일 금요일지방 출장을 가게 되어서 서울 용산역에서 아침 일찍 출발하여 KTX 익산역에 도착해서 """"전북대 인수공통전염병 연구소""""에 가려고 택시를 잡았습니다.그러나 택시기사님께서는 """"전북대 인수공통전염병 연구소""""는 전혀 모르는 곳이라고 말씀하셔서 제가 주소까지 정확하게 알려드렸습니다. 그러나 택시기사님은 내비게이션은 신주소(도로명주소)는 지원하지 않는다고.. 제 핸드폰으로 내비게이션 검색을 해달라고 했습니다. 물론 제가 알려드리긴 했습니다. 그러나 저도 회사 업무로 급하게 통화를 해야만 하는 상황이어서 택시 기사님께 내비게이션으로 검색해달라고 다시 한번 말씀드렸지만 자기가 왜 해야 되냐는 식으로 검색해 주지 않았습니다. 결국에는 제가 직접 택시 내비게이션으로 """"전북대 인수공통전염병 연구소""""를 검색해서 무사히 도착할 수가 있었습니다.택시기사님께 주소까지 정확하게 알려드려도 모르는 곳은 찾을 생각도 안 하시고, 또한 택시 내비게이션 같은 전자 장비를 전혀 다루시지 못하시는 것처럼 보였습니다.(""""전북대인수공통전염병연구소""""는 외진 곳에 있어서 대중교통으로 가기에는 어려움이 있습니다. 하지만 자가용이면 20분이면 가는 거리입니다.)택시기사님은 시민들에게 편의를 제공할 뿐만 아니라 급한 상황에서 도움을 주는 좋은 친구라고 생각합니다. 또한 도로 위 여러 가지 상황에서 돌발 상황에 대처할 줄 아는 중요한 직업이라고 생각합니다.하지만 오늘 제가 본 택시기사님은 내비게이션을 전혀 다루시지 못하셨고, 손님에 대한 기본적인 성의가 전혀 없었습니다.혹시나 다른 손님들에게도 이와 같은 불편을 드릴 것 같아서 말씀드립니다.택시 차량번호 : 전북 32바 7321사업자 번호 : 403-13-18000 (개인택시)택시기사님 성함 : 손혁상",2018-09-28,2018-09-28,,,처리중,의사당대로
216,임실농어촌버스 무료환승제에 관한 문의,"임실농어촌버스 무료환승제는 언제 실시되고, 실시될 경우 그 세부 기준도 궁금합니다. ",2016-09-22,,,군수실,처리완료,은평로20나길
217,공원녹지법,"",2016-11-30,,2016-12-01,푸른도시과,처리완료,은평로20나길
218,번호판 가림 행위 신고의 건,12월3일 오전 11시경 부안성모병원 앞에서 해당 차량을 의심 신고합니다.,2016-12-03,,2016-12-05,건설교통과,처리완료,은평로20나길
219,국민생활관 수업,국민생활관 수영장 새벽시간을 이용하는회원입니다몇달을 고민하다 글을 남겨 문의하고 궁금증을 해결하고 싶습니다다름이 아니오라 본인수업시간외에 다른반수업시간에 참석할수 있는지요?제가 아는 회원 (오전7시반 방신영)은 7시 수업인대 개인사정으로 그시간에 참석하지 못하면 6시 수업에 참석하고 가는데 그렇게해도 되는지 궁금해서요그 회원은 저녁 벨리시간에도 두타임을 수업하고 가는데 그렇게 이용하는게 맞는지 궁금합니다다른회원들과 그런모습을 보고 저렇게해도 되냐고 우리도 저렇게 하고 싶지 안하고 싶냐고 하시더라고요저런식으로 바쁠때 수업시간변경하고 가도 되는지 묻고 싶어서요,2016-10-26,2016-10-26,2016-10-27,국민생활관,처리완료,증산로23길
220,인도에 있는 위험물 제거 요청,"첨부한 지도상의 첨부한 사진1,2와 같이 인도상에 위험한 함석판이 돌출되어 있습니다.자건거를 타고 다니는 어린학생들에게는 아주 위험한 상태라고 생각됩니다. 현재 동소에는 관리할 만한사람을 찾아 볼 수 없습니다. 사고가 나면 그 당사자는 얼굴에 엄청난 상처를 입고 그 이후에 인생에 대해 심각히 고민할 정도가 될 것 같습니다.민원을 제기하는 저야 차를 타고 나니니까 별다른 문제가 없습니다만, 밤에 무심결에 걸어가다가, 자전거를 타다 큰 일을 당할 수 있는 익산시민의 모습을 한번 상상해보기 바랍니다.위치는 지도와 사진을 참고해주시기 바랍니다..신속한 조처를 취해 주시길 바랍니다...",2017-05-31,2017-05-31,2017-06-08,도로공원과,처리완료,통일로92길
221,부안농공단지 악취문제,2월6일 국민신문고에 민원신청한 1AA-1802-045593에 대한 재민원신청입니다.부안농공단지 악취 민원에 대하여 구체적인 내용을 별도 한글파일로 첨부합니다.,2018-02-08,,2018-02-19,친환경축산과,처리완료,세종대로
222,(SPP-1710-2400309)가로등이 이상해요 가로등이 이상해 * 첨부파일촬영시간,전라북도 부안군 변산면 마포리 382-12가로등이 이상해요 가로등이 이상해*  *(1/1) G: 2017/10/24 13:32:02G:*,2017-10-24,,2017-10-26,변산면,처리완료,퇴계로90길
223,엄중한 처벌 원합니다,엄중한 처벌 원합니다. 개보다 못한인간들 솔직히 교도소밥 주는거도 아까워서  똑같이 해주고 싶지만  국민의 눈과 귀로 보고 들을것입니다 그들이.어떤 처벌을.받는지…,2016-10-03,2016-10-03,2016-10-06,축산과,처리완료,겸재로
224,밤낮화물차주차,안녕하세요이번에가온초에 아이를보내게된 엄마입니다저희동네앞화물차주정차때문에 아이들 등하교시에 사고위험이높아서 이렇게 건의드립니다배산휴먼시아 5차 후문에서부터 동신아파트까지가는 도로변에 큰화물차들이 몇달째 주정차를하고있습니다평소에도 시야가답답해서 동네사람들모두 답답함과 새벽혹은 아침일찍 화물차엔진소리와 운전자들의 고성방가에 시끄러웠는데몇일전 그리고 오늘 화물차때문에 시야가가려 사고가 날뻔했습니다그리고 그건너편공터에는 닭운송차가있는데 창문을열고환기하는요즘 냄새가 너무심합니다.작년여름에는 냄새때문에 모두가 고통스러워했지만 신고처를몰라 못했습니다이번일을격고 시청에 화물차불법주정차를 근절해주시고자 말씀드려봅니다.또 운전자들이 신고를해도 부과되는 20만원 벌금을가벼히여겨 주정차를 지속적으로 실행한다고합니다강력한 단속 부탁드립니다항상 감사하고 고생많으십니다 오늘도 힘내세요.,2017-03-13,2017-03-13,2017-03-17,교통행정과,처리완료,망우로65길
225,원대 체육관  입구   전북은행 원광지점 근처 불법현수막 신고,신동 무왕로  원대 체육관  입구   전북은행 원광지점 근처인도에 불법으로 설치되어 있는 불법광고물을 신고합니다.,2016-06-10,2016-06-10,2016-06-20,도로관리과,처리완료,용마산로
